0 1407038936.00 2326 274136.00 04 -0.125428490 0.982071758 -0.140722264 21450743.50613 21450767.47848 120.38 47.27 5.75324 9.47527 3.00261 -2690531.197529 21066144.586786 -3018593.632916 1.36069
0 1407038936.00 2326 274136.00 07 0.564150345 0.252951079 -0.785970826 21399846.28811 21399869.15635 314.16 58.88 5.08968 8.38242 2.57782 12072698.054051 5413099.593447 -16819609.420039 1.16780
0 1407038936.00 2326 274136.00 08 -0.400373690 0.914645083 -0.055904210 22374771.22582 22374778.93145 110.87 31.91 7.32614 12.06574 4.16416 -8958269.394232 20464973.719875 -1250843.864089 1.88929
0 1407038936.00 2326 274136.00 09 0.304688139 0.737763571 -0.602386962 20139319.19448 20139338.11290 67.09 84.34 4.47147 7.36427 2.21878 6136202.903700 14858034.770569 -12131645.936524 1.00490
0 1407038936.00 2326 274136.00 14 0.831315034 0.292548324 0.472578875 24221085.10249 24221095.00085 217.38 15.54 12.04858 19.84334 8.11539 20135317.261336 7085825.554532 11446353.297511 3.70680
0 1407038936.00 2326 274136.00 16 -0.624753468 0.192339052 -0.756762046 23556039.76658 23556051.70770 42.53 18.93 8.67683 14.29026 6.73456 -14716714.106242 4530745.296106 -17826312.701113 3.06744
0 1407038936.00 2326 274136.00 20 0.577635856 -0.475439031 -0.663546943 24149220.29144 24149223.98697 310.20 15.65 10.92966 18.00054 8.05940 13949430.071219 -11481460.923543 -16024112.044719 3.68077
0 1407038936.00 2326 274136.00 27 -0.659491452 0.597929962 -0.455577420 22865851.47788 22865862.66084 73.52 25.37 7.91696 13.03879 5.12547 -15079833.832982 13672177.933789 -10417165.799954 2.32836
0 1407038936.00 2326 274136.00 30 0.884663651 -0.104072956 -0.454465668 22784943.33896 22784956.15160 282.21 32.52 7.87868 12.97575 4.09447 20156965.625082 -2371291.057120 -10354951.105319 1.85753
1 1407038937.00 2326 274137.00 04 -0.125445633 0.982090256 -0.140577812 21451135.87952 21451159.85275 120.39 47.26 5.75357 9.47581 3.00292 -2690948.167073 21066926.792621 -3015550.204230 1.36084
1 1407038937.00 2326 274137.00 07 0.564047919 0.252998404 -0.786029104 21399700.01376 21399722.88143 314.18 58.89 5.08932 8.38183 2.57774 12070423.672905 5414075.344809 -16820741.636822 1.16777
1 1407038937.00 2326 274137.00 08 -0.400391536 0.914628736 -0.056043674 22374429.21302 22374436.92007 110.86 31.91 7.32523 12.06424 4.16368 -8958531.767745 20464295.205360 -1253945.180283 1.88907
1 1407038937.00 2326 274137.00 09 0.304665370 0.737861590 -0.602278413 20139326.49537 20139345.41447 67.17 84.33 4.47132 7.36401 2.21878 6135746.589335 14860014.237911 -12129464.277305 1.00490
1 1407038937.00 2326 274137.00 14 0.831360915 0.292591782 0.472471246 24220436.84307 24220446.74529 217.38 15.54 12.04611 19.83928 8.11213 20135889.663662 7086688.516384 11443440.148314 3.70528
1 1407038937.00 2326 274137.00 16 -0.624821252 0.192251123 -0.756728425 23556720.94132 23556732.88447 42.53 18.93 8.67738 14.29117 6.73678 -14718736.478596 4528805.003520 -17826036.241498 3.06846
1 1407038937.00 2326 274137.00 20 0.577730624 -0.475390591 -0.663499143 24148936.80349 24148940.49868 310.20 15.65 10.92885 17.99921 8.05810 13951554.880256 -11480156.413150 -16022769.647275 3.68016
1 1407038937.00 2326 274137.00 27 -0.659491308 0.597848770 -0.455684170 22865831.56209 22865842.74157 73.51 25.37 7.91656 13.03814 5.12544 -15079817.463660 13670309.530384 -10419597.673228 2.32834
1 1407038937.00 2326 274137.00 30 0.884610990 -0.104036467 -0.454576517 22784563.03802 22784575.85477 282.22 32.52 7.87760 12.97396 4.09395 20155429.380094 -2370420.101520 -10357303.928686 1.85729
2 1407038938.00 2326 274138.00 04 -0.125462770 0.982108734 -0.140433358 21451528.36652 21451552.33815 120.39 47.26 5.75390 9.47635 3.00323 -2691365.020041 21067708.645844 -3012506.632840 1.36098
2 1407038938.00 2326 274138.00 07 0.563945486 0.253045738 -0.786087363 21399553.79839 21399576.66610 314.19 58.89 5.08896 8.38123 2.57766 12068149.217653 5415051.279847 -16821873.441541 1.16773
2 1407038938.00 2326 274138.00 08 -0.400409380 0.914612368 -0.056183138 22374087.33019 22374095.03740 110.86 31.91 7.32432 12.06274 4.16320 -8958794.133780 20463616.314149 -1257046.389346 1.88886
2 1407038938.00 2326 274138.00 09 0.304642606 0.737959593 -0.602169845 20139333.93023 20139352.85109 67.26 84.33 4.47116 7.36376 2.21878 6135290.423771 14861993.458251 -12127282.279783 1.00490
2 1407038938.00 2326 274138.00 14 0.831406788 0.292635232 0.472363603 24219788.64170 24219798.54541 217.39 15.55 12.04364 19.83521 8.10888 20136461.835547 7087551.211497 11440526.834934 3.70377
2 1407038938.00 2326 274138.00 16 -0.624889034 0.192163204 -0.756694785 23557402.18399 23557414.12546 42.53 18.92 8.67793 14.29207 6.73899 -14720758.932021 4526864.855037 -17825759.311973 3.06948
2 1407038938.00 2326 274138.00 20 0.577825388 -0.475342157 -0.663451321 24148653.45446 24148657.14909 310.19 15.65 10.92804 17.99787 8.05680 13953679.616991 -11478852.102676 -16021426.832078 3.67956
2 1407038938.00 2326 274138.00 27 -0.659491164 0.597767560 -0.455790904 22865811.80538 22865822.98812 73.51 25.37 7.91616 13.03748 5.12540 -15079801.156430 13668440.818569 -10422029.235877 2.32832
2 1407038938.00 2326 274138.00 30 0.884558316 -0.103999969 -0.454687356 22784182.79511 22784195.60923 282.23 32.53 7.87651 12.97217 4.09343 20153892.910337 -2369548.956041 -10359656.460556 1.85705
3 1407038939.00 2326 274139.00 04 -0.125479901 0.982127190 -0.140288903 21451920.97682 21451944.95053 120.40 47.25 5.75423 9.47689 3.00354 -2691781.756477 21068490.146423 -3009462.918811 1.36112
3 1407038939.00 2326 274139.00 07 0.563843049 0.253093081 -0.786145603 21399407.65401 21399430.52232 314.20 58.89 5.08860 8.38064 2.57758 12065874.688356 5416027.398557 -16823004.834173 1.16769
3 1407038939.00 2326 274139.00 08 -0.400427222 0.914595979 -0.056322600 22373745.58589 22373753.29368 110.85 31.92 7.32341 12.06125 4.16272 -8959056.492389 20462937.046251 -1260147.491209 1.88864
3 1407038939.00 2326 274139.00 09 0.304619849 0.738057580 -0.602061257 20139341.51066 20139360.43057 67.34 84.33 4.47101 7.36350 2.21878 6134834.406978 14863972.431534 -12125099.944005 1.00490
3 1407038939.00 2326 274139.00 14 0.831452653 0.292678673 0.472255948 24219140.51377 24219150.42392 217.39 15.55 12.04118 19.83115 8.10562 20137033.776944 7088413.639892 11437613.357433 3.70226
3 1407038939.00 2326 274139.00 16 -0.624956815 0.192075297 -0.756661126 23558083.51458 23558095.45657 42.53 18.91 8.67848 14.29298 6.74121 -14722781.466463 4524924.850703 -17825481.912547 3.07051
3 1407038939.00 2326 274139.00 20 0.577920149 -0.475293728 -0.663403478 24148370.25195 24148373.94750 310.18 15.66 10.92723 17.99653 8.05551 13955804.281360 -11477547.992130 -16020083.599157 3.67896
3 1407038939.00 2326 274139.00 27 -0.659491019 0.597686334 -0.455897621 22865792.21460 22865803.39414 73.50 25.37 7.91576 13.03682 5.12536 -15079784.911338 13666571.798386 -10424460.487845 2.32831
3 1407038939.00 2326 274139.00 30 0.884505630 -0.103963461 -0.454798185 22783802.61805 22783815.43183 282.23 32.53 7.87542 12.97038 4.09291 20152356.215862 -2368677.620664 -10362008.700881 1.85681
4 1407038940.00 2326 274140.00 04 -0.125497025 0.982145626 -0.140144445 21452313.71766 21452337.69209 120.41 47.24 5.75456 9.47743 3.00385 -2692198.376425 21069271.294330 -3006419.062209 1.36126
4 1407038940.00 2326 274140.00 07 0.563740605 0.253140433 -0.786203823 21399261.58556 21399284.45279 314.22 58.90 5.08824 8.38005 2.57750 12063600.085074 5417003.700936 -16824135.814695 1.16766
4 1407038940.00 2326 274140.00 08 -0.400445063 0.914579568 -0.056462062 22373403.98488 22373411.69429 110.84 31.92 7.32250 12.05975 4.16225 -8959318.843622 20462257.401676 -1263248.485806 1.88842
4 1407038940.00 2326 274140.00 09 0.304597097 0.738155551 -0.601952649 20139349.24066 20139368.16122 67.43 84.33 4.47085 7.36325 2.21879 6134378.538930 14865951.157708 -12122917.270019 1.00491
4 1407038940.00 2326 274140.00 14 0.831498510 0.292722105 0.472148279 24218492.46863 24218502.38790 217.39 15.56 12.03871 19.82709 8.10237 20137605.487805 7089275.801589 11434699.715871 3.70075
4 1407038940.00 2326 274140.00 16 -0.625024594 0.191987401 -0.756627448 23558764.93347 23558776.87511 42.53 18.91 8.67904 14.29389 6.74343 -14724804.081869 4522984.990563 -17825204.043228 3.07153
4 1407038940.00 2326 274140.00 20 0.578014906 -0.475245304 -0.663355613 24148087.20891 24148090.90489 310.18 15.66 10.92642 17.99520 8.05421 13957928.873300 -11476244.081523 -16018739.948538 3.67836
4 1407038940.00 2326 274140.00 27 -0.659490873 0.597605091 -0.456004323 22865772.80746 22865783.98869 73.49 25.37 7.91537 13.03617 5.12533 -15079768.728429 13664702.469874 -10426891.429080 2.32829
4 1407038940.00 2326 274140.00 30 0.884452931 -0.103926943 -0.454909005 22783422.51331 22783435.32744 282.24 32.54 7.87433 12.96858 4.09240 20150819.296720 -2367806.095368 -10364360.649610 1.85658
5 1407038941.00 2326 274141.00 04 -0.125514142 0.982164041 -0.139999986 21452706.55023 21452730.52231 120.42 47.24 5.75488 9.47798 3.00416 -2692614.879931 21070052.089533 -3003375.063098 1.36140
5 1407038941.00 2326 274141.00 07 0.563638156 0.253187793 -0.786262024 21399115.55116 21399138.41841 314.23 58.90 5.08788 8.37945 2.57742 12061325.407867 5417980.186979 -16825266.383083 1.16762
5 1407038941.00 2326 274141.00 08 -0.400462903 0.914563137 -0.056601524 22373062.48949 22373070.19868 110.83 31.93 7.32159 12.05825 4.16177 -8959581.187529 20461577.380433 -1266349.373068 1.88820
5 1407038941.00 2326 274141.00 09 0.304574351 0.738253506 -0.601844021 20139357.08046 20139376.00103 67.52 84.33 4.47070 7.36299 2.21879 6133922.819596 14867929.636720 -12120734.257869 1.00491
5 1407038941.00 2326 274141.00 14 0.831544359 0.292765528 0.472040597 24217844.46611 24217854.38705 217.40 15.57 12.03624 19.82303 8.09913 20138176.968082 7090137.696609 11431785.910312 3.69924
5 1407038941.00 2326 274141.00 16 -0.625092372 0.191899515 -0.756593750 23559446.40450 23559458.34591 42.53 18.90 8.67959 14.29480 6.74565 -14726826.778186 4521045.274661 -17824925.704025 3.07255
5 1407038941.00 2326 274141.00 20 0.578109660 -0.475196885 -0.663307728 24147804.27472 24147807.96998 310.17 15.66 10.92561 17.99387 8.05292 13960053.392747 -11474940.370865 -16017395.880251 3.67776
5 1407038941.00 2326 274141.00 27 -0.659490727 0.597523831 -0.456111009 22865753.53200 22865764.71291 73.48 25.37 7.91497 13.03551 5.12529 -15079752.607747 13662832.833073 -10429322.059528 2.32827
5 1407038941.00 2326 274141.00 30 0.884400220 -0.103890415 -0.455019815 22783042.44034 22783055.25114 282.25 32.54 7.87324 12.96679 4.09188 20149282.152963 -2366934.380136 -10366712.306696 1.85634
6 1407038942.00 2326 274142.00 04 -0.125531253 0.982182436 -0.139855524 21453099.36795 21453123.34056 120.43 47.23 5.75521 9.47852 3.00448 -2693031.267039 21070832.532004 -3000330.921544 1.36154
6 1407038942.00 2326 274142.00 07 0.563535702 0.253235163 -0.786320205 21398969.44883 21398992.31786 314.24 58.90 5.08752 8.37886 2.57734 12059050.656795 5418956.856682 -16826396.539314 1.16759
6 1407038942.00 2326 274142.00 08 -0.400480741 0.914546684 -0.056740984 22372720.99428 22372728.70479 110.82 31.93 7.32068 12.05675 4.16129 -8959843.524161 20460896.982534 -1269450.152927 1.88798
6 1407038942.00 2326 274142.00 09 0.304551611 0.738351445 -0.601735374 20139364.92940 20139383.85085 67.60 84.33 4.47054 7.36274 2.21879 6133467.248948 14869907.868515 -12118550.907605 1.00491
6 1407038942.00 2326 274142.00 14 0.831590199 0.292808941 0.471932902 24217196.40155 24217206.32247 217.40 15.57 12.03378 19.81897 8.09588 20138748.217729 7090999.324972 11428871.940815 3.69773
6 1407038942.00 2326 274142.00 16 -0.625160149 0.191811640 -0.756560033 23560127.81958 23560139.76152 42.53 18.89 8.68014 14.29570 6.74787 -14728849.555361 4519105.703042 -17824646.894945 3.07358
6 1407038942.00 2326 274142.00 20 0.578204411 -0.475148471 -0.663259821 24147521.35498 24147525.05045 310.16 15.67 10.92480 17.99253 8.05163 13962177.839638 -11473636.860165 -16016051.394323 3.67716
6 1407038942.00 2326 274142.00 27 -0.659490579 0.597442554 -0.456217679 22865734.28927 22865745.47255 73.47 25.37 7.91457 13.03486 5.12525 -15079736.549339 13660962.888025 -10431752.379134 2.32826
6 1407038942.00 2326 274142.00 30 0.884347496 -0.103853878 -0.455130616 22782662.29715 22782675.10841 282.25 32.55 7.87215 12.96500 4.09136 20147744.784642 -2366062.474948 -10369063.672090 1.85611
7 1407038943.00 2326 274143.00 04 -0.125548357 0.982200809 -0.139711061 21453492.32611 21453516.29777 120.43 47.22 5.75554 9.47906 3.00479 -2693447.537794 21071612.621711 -2997286.637611 1.36169
7 1407038943.00 2326 274143.00 07 0.563433242 0.253282541 -0.786378367 21398823.43271 21398846.30083 314.25 58.91 5.08716 8.37827 2.57727 12056775.831918 5419933.710042 -16827526.283366 1.16755
7 1407038943.00 2326 274143.00 08 -0.400498577 0.914530210 -0.056880444 22372379.65303 22372387.36280 110.82 31.93 7.31977 12.05526 4.16081 -8960105.853568 20460216.207987 -1272550.825314 1.88777
7 1407038943.00 2326 274143.00 09 0.304528877 0.738449368 -0.601626707 20139372.93343 20139391.85550 67.69 84.33 4.47039 7.36248 2.21879 6133011.826957 14871885.853041 -12116367.219273 1.00491
7 1407038943.00 2326 274143.00 14 0.831636032 0.292852346 0.471825194 24216548.42776 24216558.34653 217.40 15.58 12.03131 19.81491 8.09264 20139319.236699 7091860.686699 11425957.807443 3.69622
7 1407038943.00 2326 274143.00 16 -0.625227923 0.191723777 -0.756526296 23560809.33723 23560821.28018 42.53 18.89 8.68069 14.29661 6.75009 -14730872.413339 4517166.275752 -17824367.615997 3.07460
7 1407038943.00 2326 274143.00 20 0.578299159 -0.475100062 -0.663211892 24147238.59948 24147242.29601 310.16 15.67 10.92399 17.99120 8.05034 13964302.213909 -11472333.549433 -16014706.490781 3.67656
7 1407038943.00 2326 274143.00 27 -0.659490430 0.597361260 -0.456324333 22865715.23075 22865726.41509 73.46 25.37 7.91417 13.03420 5.12522 -15079720.553248 13659092.634769 -10434182.387846 2.32824
7 1407038943.00 2326 274143.00 30 0.884294760 -0.103817331 -0.455241407 22782282.23293 22782295.04603 282.26 32.55 7.87107 12.96321 4.09084 20146207.191809 -2365190.379785 -10371414.745741 1.85587
8 1407038944.00 2326 274144.00 04 -0.125565455 0.982219162 -0.139566596 21453885.29835 21453909.27158 120.44 47.22 5.75587 9.47960 3.00510 -2693863.692241 21072392.358627 -2994242.211366 1.36183
8 1407038944.00 2326 274144.00 07 0.563330777 0.253329929 -0.786436509 21398677.37833 21398700.24814 314.27 58.91 5.08680 8.37767 2.57719 12054500.933296 5420910.747055 -16828655.615214 1.16751
8 1407038944.00 2326 274144.00 08 -0.400516413 0.914513714 -0.057019902 22372038.34279 22372046.05304 110.81 31.94 7.31886 12.05376 4.16033 -8960368.175801 20459535.056804 -1275651.390164 1.88755
8 1407038944.00 2326 274144.00 09 0.304506149 0.738547274 -0.601518020 20139380.97685 20139399.89801 67.77 84.33 4.47023 7.36223 2.21880 6132556.553596 14873863.590243 -12114183.192919 1.00491
8 1407038944.00 2326 274144.00 14 0.831681856 0.292895741 0.471717473 24215900.42277 24215910.33786 217.40 15.59 12.02885 19.81085 8.08940 20139890.024943 7092721.781809 11423043.510256 3.69472
8 1407038944.00 2326 274144.00 16 -0.625295697 0.191635924 -0.756492541 23561490.82462 23561502.76539 42.53 18.88 8.68124 14.29752 6.75232 -14732895.352068 4515226.992834 -17824087.867189 3.07563
8 1407038944.00 2326 274144.00 20 0.578393903 -0.475051658 -0.663163943 24146955.88165 24146959.57698 310.15 15.67 10.92318 17.98986 8.04905 13966426.515496 -11471030.438680 -16013361.169653 3.67596
8 1407038944.00 2326 274144.00 27 -0.659490280 0.597279950 -0.456430972 22865696.23445 22865707.42138 73.45 25.37 7.91378 13.03355 5.12518 -15079704.619520 13657222.073345 -10436612.085608 2.32822
8 1407038944.00 2326 274144.00 30 0.884242011 -0.103780774 -0.455352189 22781902.12799 22781914.93871 282.27 32.56 7.86998 12.96142 4.09032 20144669.374516 -2364318.094627 -10373765.527602 1.85563
9 1407038945.00 2326 274145.00 04 -0.125582546 0.982237494 -0.139422129 21454278.37944 21454302.35162 120.45 47.21 5.75620 9.48014 3.00541 -2694279.730423 21073171.742720 -2991197.642874 1.36197
9 1407038945.00 2326 274145.00 07 0.563228306 0.253377325 -0.786494632 21398531.37686 21398554.24601 314.28 58.91 5.08644 8.37708 2.57711 12052225.960989 5421887.967716 -16829784.534836 1.16748
9 1407038945.00 2326 274145.00 08 -0.400534246 0.914497198 -0.057159360 22371697.15472 22371704.86661 110.80 31.94 7.31795 12.05226 4.15986 -8960630.490911 20458853.528992 -1278751.847406 1.88733
9 1407038945.00 2326 274145.00 09 0.304483427 0.738645165 -0.601409314 20139389.14719 20139408.06848 67.86 84.33 4.47008 7.36197 2.21880 6132101.428835 14875841.080069 -12111998.828592 1.00491
9 1407038945.00 2326 274145.00 14 0.831727673 0.292939128 0.471609739 24215252.47049 24215262.38464 217.41 15.59 12.02639 19.80679 8.08617 20140460.582416 7093582.610323 11420129.049318 3.69321
9 1407038945.00 2326 274145.00 16 -0.625363468 0.191548082 -0.756458766 23562172.38128 23562184.32142 42.53 18.87 8.68179 14.29842 6.75455 -14734918.371494 4513287.854334 -17823807.648529 3.07666
9 1407038945.00 2326 274145.00 20 0.578488644 -0.475003259 -0.663115972 24146673.29759 24146676.99324 310.15 15.67 10.92237 17.98853 8.04775 13968550.744336 -11469727.527915 -16012015.430969 3.67536
9 1407038945.00 2326 274145.00 27 -0.659490130 0.597198622 -0.456537594 22865677.39705 22865688.58103 73.45 25.37 7.91338 13.03289 5.12515 -15079688.748201 13655351.203793 -10439041.472368 2.32821
9 1407038945.00 2326 274145.00 30 0.884189250 -0.103744208 -0.455462961 22781522.07158 22781534.88585 282.27 32.56 7.86889 12.95963 4.08980 20143131.332813 -2363445.619455 -10376116.017624 1.85540
10 1407038946.00 2326 274146.00 04 -0.125599631 0.982255805 -0.139277661 21454671.57871 21454695.55011 120.46 47.21 5.75653 9.48069 3.00573 -2694695.652388 21073950.773960 -2988152.932199 1.36211
10 1407038946.00 2326 274146.00 07 0.563125829 0.253424730 -0.786552736 21398385.43895 21398408.30883 314.29 58.91 5.08608 8.37649 2.57703 12049950.915058 5422865.372021 -16830913.042208 1.16744
10 1407038946.00 2326 274146.00 08 -0.400552078 0.914480660 -0.057298818 22371356.09967 22371363.81302 110.79 31.95 7.31705 12.05077 4.15938 -8960892.798947 20458171.624564 -1281852.196974 1.88711
10 1407038946.00 2326 274146.00 09 0.304460711 0.738743040 -0.601300588 20139397.45759 20139416.37961 67.94 84.33 4.46992 7.36172 2.21880 6131646.452645 14877818.322465 -12109814.126337 1.00491
10 1407038946.00 2326 274146.00 14 0.831773481 0.292982505 0.471501992 24214604.58538 24214614.50638 217.41 15.60 12.02392 19.80274 8.08293 20141030.909069 7094443.172262 11417214.424688 3.69171
10 1407038946.00 2326 274146.00 16 -0.625431239 0.191460250 -0.756424972 23562854.01805 23562865.95877 42.52 18.87 8.68234 14.29933 6.75677 -14736941.471564 4511348.860297 -17823526.960026 3.07768
10 1407038946.00 2326 274146.00 20 0.578583382 -0.474954866 -0.663067980 24146390.85778 24146394.55285 310.14 15.68 10.92156 17.98720 8.04647 13970674.900366 -11468424.817148 -16010669.274754 3.67476
10 1407038946.00 2326 274146.00 27 -0.659489978 0.597117277 -0.456644200 22865658.71759 22865669.90259 73.44 25.37 7.91298 13.03224 5.12511 -15079672.939335 13653480.026155 -10441470.548072 2.32819
10 1407038946.00 2326 274146.00 30 0.884136477 -0.103707632 -0.455573724 22781142.07663 22781154.89063 282.28 32.57 7.86780 12.95784 4.08928 20141593.066753 -2362572.954250 -10378466.215756 1.85516
11 1407038947.00 2326 274147.00 04 -0.125616710 0.982274095 -0.139133190 21455064.86265 21455088.83309 120.47 47.20 5.75686 9.48123 3.00604 -2695111.458178 21074729.452318 -2985108.079407 1.36225
11 1407038947.00 2326 274147.00 07 0.563023347 0.253472144 -0.786610820 21398239.53129 21398262.40120 314.31 58.92 5.08572 8.37590 2.57695 12047675.795563 5423842.959967 -16832041.137306 1.16740
11 1407038947.00 2326 274147.00 08 -0.400569909 0.914464101 -0.057438274 22371015.14471 22371022.85639 110.78 31.95 7.31614 12.04927 4.15890 -8961155.099961 20457489.343527 -1284952.438798 1.88690
11 1407038947.00 2326 274147.00 09 0.304438000 0.738840899 -0.601191842 20139405.87341 20139424.79429 68.03 84.33 4.46977 7.36146 2.21880 6131191.624999 14879795.317378 -12107629.086202 1.00491
11 1407038947.00 2326 274147.00 14 0.831819281 0.293025874 0.471394231 24213956.73985 24213966.65353 217.41 15.61 12.02146 19.79868 8.07970 20141601.004855 7095303.467646 11414299.636429 3.69021
11 1407038947.00 2326 274147.00 16 -0.625499007 0.191372430 -0.756391159 23563535.69441 23563547.63373 42.52 18.86 8.68289 14.30023 6.75900 -14738964.652225 4509410.010767 -17823245.801687 3.07871
11 1407038947.00 2326 274147.00 20 0.578678117 -0.474906477 -0.663019966 24146108.52720 24146112.22260 310.13 15.68 10.92075 17.98587 8.04518 13972798.983521 -11467122.306389 -16009322.701038 3.67416
11 1407038947.00 2326 274147.00 27 -0.659489826 0.597035916 -0.456750790 22865640.17324 22865651.35774 73.43 25.37 7.91258 13.03159 5.12508 -15079657.192967 13651608.540471 -10443899.312665 2.32818
11 1407038947.00 2326 274147.00 30 0.884083691 -0.103671047 -0.455684477 22780762.11137 22780774.92666 282.29 32.57 7.86672 12.95605 4.08876 20140054.576388 -2361700.098993 -10380816.121952 1.85492
12 1407038948.00 2326 274148.00 04 -0.125633781 0.982292365 -0.138988718 21455458.14031 21455482.11045 120.47 47.19 5.75719 9.48177 3.00635 -2695527.147838 21075507.777765 -2982063.084562 1.36240
12 1407038948.00 2326 274148.00 07 0.562920860 0.253519567 -0.786668885 21398093.56198 21398116.43082 314.32 58.92 5.08536 8.37530 2.57687 12045400.602563 5424820.731550 -16833168.820109 1.16737
12 1407038948.00 2326 274148.00 08 -0.400587738 0.914447521 -0.057577730 22370674.19660 22370681.90929 110.77 31.96 7.31523 12.04778 4.15843 -8961417.394002 20456806.685894 -1288052.572813 1.88668
12 1407038948.00 2326 274148.00 09 0.304415296 0.738938741 -0.601083076 20139414.30141 20139433.22118 68.11 84.33 4.46962 7.36121 2.21881 6130736.945866 14881772.064754 -12105443.708234 1.00492
12 1407038948.00 2326 274148.00 14 0.831865073 0.293069233 0.471286457 24213308.83172 24213318.75012 217.42 15.61 12.01900 19.79463 8.07647 20142170.869727 7096163.496495 11411384.684603 3.68871
12 1407038948.00 2326 274148.00 16 -0.625566774 0.191284621 -0.756357326 23564217.32985 23564229.26840 42.52 18.85 8.68344 14.30114 6.76123 -14740987.913422 4507471.305789 -17822964.173521 3.07974
12 1407038948.00 2326 274148.00 20 0.578772848 -0.474858094 -0.662971931 24145826.21317 24145829.90823 310.13 15.68 10.91994 17.98454 8.04389 13974922.993739 -11465819.995648 -16007975.709849 3.67356
12 1407038948.00 2326 274148.00 27 -0.659489673 0.596954537 -0.456857365 22865621.66771 22865632.85367 73.42 25.37 7.91219 13.03093 5.12504 -15079641.509143 13649736.746780 -10446327.766094 2.32816
12 1407038948.00 2326 274148.00 30 0.884030892 -0.103634452 -0.455795220 22780382.07589 22780394.89383 282.30 32.58 7.86563 12.95426 4.08825 20138515.861767 -2360827.053665 -10383165.736161 1.85469
13 1407038949.00 2326 274149.00 04 -0.125650847 0.982310613 -0.138844243 21455851.54281 21455875.51139 120.48 47.19 5.75752 9.48232 3.00666 -2695942.721414 21076285.750269 -2979017.947731 1.36254
13 1407038949.00 2326 274149.00 07 0.562818367 0.253566999 -0.786726930 21397947.66288 21397970.53296 314.33 58.92 5.08500 8.37471 2.57679 12043125.336119 5425798.686765 -16834296.090592 1.16733
13 1407038949.00 2326 274149.00 08 -0.400605566 0.914430920 -0.057717184 22370333.39045 22370341.10358 110.77 31.96 7.31432 12.04628 4.15795 -8961679.681122 20456123.651673 -1291152.598949 1.88646
13 1407038949.00 2326 274149.00 09 0.304392597 0.739036568 -0.600974291 20139422.87746 20139441.79728 68.20 84.33 4.46946 7.36095 2.21881 6130282.415220 14883748.564540 -12103257.992480 1.00492
13 1407038949.00 2326 274149.00 14 0.831910857 0.293112583 0.471178671 24212660.99837 24212670.91558 217.42 15.62 12.01654 19.79057 8.07325 20142740.503638 7097023.258831 11408469.569269 3.68721
13 1407038949.00 2326 274149.00 16 -0.625634540 0.191196822 -0.756323474 23564899.04332 23564910.98341 42.52 18.85 8.68399 14.30205 6.76347 -14743011.255103 4505532.745408 -17822682.075537 3.08077
13 1407038949.00 2326 274149.00 20 0.578867575 -0.474809715 -0.662923875 24145544.04891 24145547.74404 310.12 15.68 10.91913 17.98320 8.04260 13977046.930955 -11464517.884934 -16006628.301213 3.67296
13 1407038949.00 2326 274149.00 27 -0.659489519 0.596873142 -0.456963923 22865603.32849 22865614.51615 73.41 25.37 7.91179 13.03028 5.12501 -15079625.887907 13647864.645123 -10448755.908305 2.32814
13 1407038949.00 2326 274149.00 30 0.883978081 -0.103597847 -0.455905954 22780002.11139 22780014.92718 282.30 32.58 7.86454 12.95247 4.08773 20136976.922944 -2359953.818246 -10385515.058334 1.85445
14 1407038950.00 2326 274150.00 04 -0.125667905 0.982328841 -0.138699767 21456245.06081 21456269.03101 120.49 47.18 5.75785 9.48286 3.00698 -2696358.178951 21077063.369802 -2975972.668979 1.36268
14 1407038950.00 2326 274150.00 07 0.562715868 0.253614440 -0.786784956 21397801.82601 21397824.69469 314.34 58.93 5.08464 8.37412 2.57671 12040849.996292 5426776.825608 -16835422.948732 1.16730
14 1407038950.00 2326 274150.00 08 -0.400623392 0.914414297 -0.057856638 22369992.70894 22370000.42461 110.76 31.96 7.31342 12.04479 4.15747 -8961941.961371 20455440.240874 -1294252.517138 1.88624
14 1407038950.00 2326 274150.00 09 0.304369904 0.739134378 -0.600865486 20139431.58729 20139450.50795 68.29 84.33 4.46931 7.36070 2.21881 6129828.033030 14885724.816683 -12101071.938987 1.00492
14 1407038950.00 2326 274150.00 14 0.831956633 0.293155924 0.471070871 24212013.23010 24212023.15479 217.42 15.63 12.01408 19.78652 8.07003 20143309.906541 7097882.754673 11405554.290491 3.68571
14 1407038950.00 2326 274150.00 16 -0.625702304 0.191109035 -0.756289603 23565580.83518 23565592.77364 42.52 18.84 8.68454 14.30295 6.76570 -14745034.677215 4503594.329668 -17822399.507742 3.08180
14 1407038950.00 2326 274150.00 20 0.578962300 -0.474761342 -0.662875798 24145262.02565 24145265.72223 310.11 15.69 10.91832 17.98187 8.04132 13979170.795107 -11463215.974259 -16005280.475160 3.67236
14 1407038950.00 2326 274150.00 27 -0.659489364 0.596791730 -0.457070466 22865585.15864 22865596.34298 73.40 25.37 7.91140 13.02963 5.12497 -15079610.329305 13645992.235540 -10451183.739244 2.32813
14 1407038950.00 2326 274150.00 30 0.883925257 -0.103561232 -0.456016678 22779622.20245 22779635.01791 282.31 32.59 7.86346 12.95068 4.08721 20135437.759970 -2359080.392718 -10387864.088424 1.85422
15 1407038951.00 2326 274151.00 04 -0.125684958 0.982347048 -0.138555289 21456638.54323 21456662.51229 120.50 47.17 5.75818 9.48340 3.00729 -2696773.520492 21077840.636334 -2972927.248370 1.36282
15 1407038951.00 2326 274151.00 07 0.562613364 0.253661890 -0.786842963 21397655.89932 21397678.76923 314.36 58.93 5.08428 8.37352 2.57663 12038574.583140 5427755.148076 -16836549.394507 1.16726
15 1407038951.00 2326 274151.00 08 -0.400641217 0.914397653 -0.057996091 22369652.01411 22369659.72831 110.75 31.97 7.31251 12.04330 4.15700 -8962204.234800 20454756.453508 -1297352.327313 1.88603
15 1407038951.00 2326 274151.00 09 0.304347217 0.739232172 -0.600756662 20139440.28265 20139459.20323 68.37 84.32 4.46915 7.36045 2.21882 6129373.799268 14887700.821129 -12098885.547802 1.00492
15 1407038951.00 2326 274151.00 14 0.832002400 0.293199257 0.470963058 24211365.37849 24211375.30462 217.42 15.63 12.01162 19.78247 8.06681 20143879.078388 7098741.984042 11402638.848330 3.68421
15 1407038951.00 2326 274151.00 16 -0.625770066 0.191021258 -0.756255713 23566262.54884 23566274.48718 42.52 18.83 8.68509 14.30386 6.76794 -14747058.179703 4501656.058615 -17822116.470145 3.08283
15 1407038951.00 2326 274151.00 20 0.579057021 -0.474712974 -0.662827699 24144979.99078 24144983.68649 310.11 15.69 10.91752 17.98054 8.04003 13981294.586129 -11461914.263630 -16003932.231717 3.67177
15 1407038951.00 2326 274151.00 27 -0.659489208 0.596710301 -0.457176992 22865566.99678 22865578.18202 73.39 25.37 7.91100 13.02898 5.12494 -15079594.833381 13644119.518073 -10453611.258858 2.32811
15 1407038951.00 2326 274151.00 30 0.883872421 -0.103524608 -0.456127393 22779242.20084 22779255.01585 282.32 32.59 7.86237 12.94889 4.08669 20133898.372897 -2358206.777061 -10390212.826380 1.85398
16 1407038952.00 2326 274152.00 04 -0.125702003 0.982365235 -0.138410810 21457032.20338 21457056.17087 120.51 47.17 5.75851 9.48395 3.00760 -2697188.746083 21078617.549835 -2969881.685970 1.36296
16 1407038952.00 2326 274152.00 07 0.562510854 0.253709349 -0.786900950 21397510.09557 21397532.96588 314.37 58.93 5.08392 8.37293 2.57655 12036299.096725 5428733.654164 -16837675.427892 1.16722
16 1407038952.00 2326 274152.00 08 -0.400659040 0.914380988 -0.058135544 22369311.50692 22369319.22298 110.74 31.97 7.31160 12.04180 4.15652 -8962466.501458 20454072.289585 -1300452.029406 1.88581
16 1407038952.00 2326 274152.00 09 0.304324536 0.739329951 -0.600647818 20139449.17592 20139468.09656 68.46 84.32 4.46900 7.36019 2.21882 6128919.713906 14889676.577825 -12096698.818972 1.00492
16 1407038952.00 2326 274152.00 14 0.832048160 0.293242580 0.470855232 24210717.65608 24210727.58339 217.43 15.64 12.00916 19.77842 8.06359 20144448.019132 7099600.946958 11399723.242846 3.68271
16 1407038952.00 2326 274152.00 16 -0.625837827 0.190933492 -0.756221803 23566944.40007 23566956.34042 42.52 18.83 8.68564 14.30476 6.77017 -14749081.762515 4499717.932293 -17821832.962754 3.08387
16 1407038952.00 2326 274152.00 20 0.579151739 -0.474664611 -0.662779579 24144698.16124 24144701.85785 310.10 15.69 10.91671 17.97921 8.03875 13983418.303960 -11460612.753059 -16002583.570911 3.67117
16 1407038952.00 2326 274152.00 27 -0.659489051 0.596628855 -0.457283502 22865549.05699 22865560.24354 73.39 25.37 7.91060 13.02833 5.12491 -15079579.400181 13642246.492760 -10456038.467093 2.32810
16 1407038952.00 2326 274152.00 30 0.883819573 -0.103487974 -0.456238098 22778862.31988 22778875.13663 282.32 32.60 7.86129 12.94710 4.08618 20132358.761775 -2357332.971256 -10392561.272154 1.85374
17 1407038953.00 2326 274153.00 04 -0.125719043 0.982383400 -0.138266328 21457425.89513 21457449.86241 120.51 47.16 5.75884 9.48449 3.00792 -2697603.855768 21079394.110274 -2966835.981844 1.36311
17 1407038953.00 2326 274153.00 07 0.562408339 0.253756817 -0.786958917 21397364.26878 21397387.13738 314.38 58.94 5.08356 8.37234 2.57647 12034023.537106 5429712.343869 -16838801.048865 1.16719
17 1407038953.00 2326 274153.00 08 -0.400676862 0.914364302 -0.058274995 22368971.04767 22368978.76405 110.73 31.98 7.31070 12.04031 4.15605 -8962728.761396 20453387.749114 -1303551.623349 1.88559
17 1407038953.00 2326 274153.00 09 0.304301860 0.739427713 -0.600538954 20139458.12000 20139477.04069 68.54 84.32 4.46884 7.35994 2.21882 6128465.776914 14891652.086718 -12094511.752544 1.00492
17 1407038953.00 2326 274153.00 14 0.832093911 0.293285894 0.470747393 24210069.91426 24210079.84385 217.43 15.65 12.00670 19.77437 8.06037 20145016.728726 7100459.643443 11396807.474103 3.68122
17 1407038953.00 2326 274153.00 16 -0.625905586 0.190845738 -0.756187875 23567626.24313 23567638.18120 42.52 18.82 8.68619 14.30567 6.77241 -14751105.425597 4497779.950746 -17821548.985578 3.08490
17 1407038953.00 2326 274153.00 20 0.579246453 -0.474616253 -0.662731438 24144416.38422 24144420.08025 310.09 15.69 10.91590 17.97788 8.03747 13985541.948535 -11459311.442555 -16001234.492772 3.67057
17 1407038953.00 2326 274153.00 27 -0.659488893 0.596547392 -0.457389997 22865531.19580 22865542.38077 73.38 25.37 7.91021 13.02767 5.12487 -15079564.029750 13640373.159643 -10458465.363894 2.32808
17 1407038953.00 2326 274153.00 30 0.883766712 -0.103451330 -0.456348793 22778482.41170 22778495.22834 282.33 32.60 7.86020 12.94531 4.08566 20130818.926657 -2356458.975284 -10394909.425696 1.85351
18 1407038954.00 2326 274154.00 04 -0.125736075 0.982401545 -0.138121845 21457819.66451 21457843.63088 120.52 47.15 5.75917 9.48504 3.00823 -2698018.849593 21080170.317623 -2963790.136057 1.36325
18 1407038954.00 2326 274154.00 07 0.562305819 0.253804293 -0.787016866 21397218.46464 21397241.33525 314.40 58.94 5.08320 8.37175 2.57639 12031747.904344 5430691.217186 -16839926.257402 1.16715
18 1407038954.00 2326 274154.00 08 -0.400694683 0.914347595 -0.058414446 22368630.68072 22368638.39645 110.72 31.98 7.30979 12.03882 4.15557 -8962991.014665 20452702.832106 -1306651.109073 1.88538
18 1407038954.00 2326 274154.00 09 0.304279191 0.739525459 -0.600430070 20139467.16169 20139486.08274 68.63 84.32 4.46869 7.35968 2.21883 6128011.988264 14893627.347754 -12092324.348565 1.00492
18 1407038954.00 2326 274154.00 14 0.832139654 0.293329199 0.470639541 24209422.20118 24209432.13263 217.43 15.65 12.00424 19.77032 8.05716 20145585.207123 7101318.073516 11393891.542161 3.67973
18 1407038954.00 2326 274154.00 16 -0.625973344 0.190757994 -0.756153927 23568308.11948 23568320.05788 42.52 18.81 8.68674 14.30657 6.77465 -14753129.168895 4495842.114020 -17821264.538624 3.08593
18 1407038954.00 2326 274154.00 20 0.579341164 -0.474567900 -0.662683276 24144134.70787 24144138.40351 310.09 15.70 10.91510 17.97656 8.03618 13987665.519791 -11458010.332128 -15999884.997327 3.66998
18 1407038954.00 2326 274154.00 27 -0.659488734 0.596465912 -0.457496475 22865513.45962 22865524.64645 73.37 25.37 7.90981 13.02702 5.12484 -15079548.722132 13638499.518763 -10460891.949209 2.32807
18 1407038954.00 2326 274154.00 30 0.883713839 -0.103414677 -0.456459479 22778102.52712 22778115.34521 282.34 32.60 7.85911 12.94353 4.08514 20129278.867595 -2355584.789126 -10397257.286959 1.85327
19 1407038955.00 2326 274155.00 04 -0.125753102 0.982419669 -0.137977359 21458213.53855 21458237.50510 120.53 47.15 5.75950 9.48558 3.00854 -2698433.727603 21080946.171852 -2960744.148675 1.36339
19 1407038955.00 2326 274155.00 07 0.562203293 0.253851779 -0.787074794 21397072.71321 21397095.58368 314.41 58.94 5.08284 8.37116 2.57631 12029472.198498 5431670.274111 -16841051.053480 1.16712
19 1407038955.00 2326 274155.00 08 -0.400712502 0.914330866 -0.058553895 22368290.43460 22368298.15243 110.72 31.98 7.30888 12.03733 4.15510 -8963253.261316 20452017.538571 -1309750.486511 1.88516
19 1407038955.00 2326 274155.00 09 0.304256527 0.739623189 -0.600321167 20139476.33184 20139495.25350 68.71 84.32 4.46854 7.35943 2.21883 6127558.347928 14895602.360880 -12090136.607082 1.00493
19 1407038955.00 2326 274155.00 14 0.832185389 0.293372495 0.470531675 24208774.54100 24208784.47661 217.44 15.66 12.00178 19.76627 8.05395 20146153.454275 7102176.237198 11390975.447082 3.67823
19 1407038955.00 2326 274155.00 16 -0.626041100 0.190670261 -0.756119959 23568990.06606 23569002.00294 42.52 18.81 8.68728 14.30748 6.77689 -14755152.992356 4493904.422159 -17820979.621902 3.08697
19 1407038955.00 2326 274155.00 20 0.579435872 -0.474519552 -0.662635092 24143853.16643 24143856.86279 310.08 15.70 10.91429 17.97523 8.03490 13989789.017664 -11456709.421788 -15998535.084604 3.66938
19 1407038955.00 2326 274155.00 27 -0.659488575 0.596384416 -0.457602938 22865495.87226 22865507.05890 73.36 25.37 7.90942 13.02637 5.12481 -15079533.477373 13636625.570158 -10463318.222984 2.32805
19 1407038955.00 2326 274155.00 30 0.883660953 -0.103378014 -0.456570155 22777722.68631 22777735.50554 282.34 32.61 7.85803 12.94174 4.08463 20127738.584639 -2354710.412762 -10399604.855893 1.85304
20 1407038956.00 2326 274156.00 04 -0.125770122 0.982437772 -0.137832872 21458607.47501 21458631.44183 120.54 47.14 5.75983 9.48613 3.00886 -2698848.489841 21081721.672930 -2957698.019762 1.36353
20 1407038956.00 2326 274156.00 07 0.562100761 0.253899273 -0.787132704 21396926.96826 21396949.83845 314.42 58.94 5.08248 8.37056 2.57623 12027196.419629 5432649.514640 -16842175.437077 1.16708
20 1407038956.00 2326 274156.00 08 -0.400730319 0.914314116 -0.058693344 22367950.26422 22367957.98117 110.71 31.99 7.30798 12.03584 4.15462 -8963515.501398 20451331.868519 -1312849.755596 1.88494
20 1407038956.00 2326 274156.00 09 0.304233870 0.739720903 -0.600212244 20139485.58305 20139504.50411 68.80 84.32 4.46838 7.35918 2.21883 6127104.855876 14897577.126042 -12087948.528143 1.00493
20 1407038956.00 2326 274156.00 14 0.832231116 0.293415782 0.470423797 24208126.89509 24208136.83304 217.44 15.67 11.99933 19.76222 8.05074 20146721.470136 7103034.134509 11388059.188927 3.67674
20 1407038956.00 2326 274156.00 16 -0.626108854 0.190582539 -0.756085973 23569672.03185 23569683.96704 42.52 18.80 8.68783 14.30838 6.77914 -14757176.895927 4491966.875208 -17820694.235419 3.08800
20 1407038956.00 2326 274156.00 20 0.579530577 -0.474471209 -0.662586887 24143571.70778 24143575.40315 310.07 15.70 10.91348 17.97390 8.03362 13991912.442091 -11455408.711543 -15997184.754631 3.66879
20 1407038956.00 2326 274156.00 27 -0.659488414 0.596302902 -0.457709384 22865478.39374 22865489.58124 73.35 25.37 7.90902 13.02572 5.12477 -15079518.295518 13634751.313871 -10465744.185164 2.32804
20 1407038956.00 2326 274156.00 30 0.883608054 -0.103341342 -0.456680822 22777342.84626 22777355.66930 282.35 32.61 7.85694 12.93995 4.08411 20126198.077842 -2353835.846174 -10401952.132450 1.85280
21 1407038957.00 2326 274157.00 04 -0.125787135 0.982455854 -0.137688384 21459001.47750 21459025.44425 120.55 47.13 5.76017 9.48667 3.00917 -2699263.136352 21082496.820829 -2954651.749385 1.36368
21 1407038957.00 2326 274157.00 07 0.561998224 0.253946776 -0.787190594 21396781.23567 21396804.10690 314.43 58.95 5.08212 8.36997 2.57615 12024920.567798 5433628.938768 -16843299.408169 1.16704
21 1407038957.00 2326 274157.00 08 -0.400748135 0.914297345 -0.058832792 22367610.17624 22367617.89442 110.70 31.99 7.30707 12.03434 4.15415 -8963777.734963 20450645.821959 -1315948.916258 1.88473
21 1407038957.00 2326 274157.00 09 0.304211218 0.739818601 -0.600103302 20139494.92218 20139513.84410 68.88 84.32 4.46823 7.35892 2.21884 6126651.512079 14899551.643188 -12085760.111794 1.00493
21 1407038957.00 2326 274157.00 14 0.832276835 0.293459059 0.470315905 24207479.26536 24207489.20535 217.44 15.67 11.99687 19.75818 8.04754 20147289.254658 7103891.765471 11385142.767758 3.67525
21 1407038957.00 2326 274157.00 16 -0.626176607 0.190494827 -0.756051967 23570354.02277 23570365.95850 42.52 18.79 8.68838 14.30928 6.78138 -14759200.879554 4490029.473212 -17820408.379185 3.08904
21 1407038957.00 2326 274157.00 20 0.579625278 -0.474422872 -0.662538660 24143290.34541 24143294.04021 310.07 15.71 10.91268 17.97257 8.03234 13994035.793008 -11454108.201405 -15995834.007436 3.66819
21 1407038957.00 2326 274157.00 27 -0.659488253 0.596221372 -0.457815815 22865461.02902 22865472.21787 73.34 25.37 7.90863 13.02507 5.12474 -15079503.176611 13632876.749941 -10468169.835697 2.32802
21 1407038957.00 2326 274157.00 30 0.883555144 -0.103304659 -0.456791479 22776963.02049 22776975.84087 282.36 32.62 7.85586 12.93816 4.08359 20124657.347254 -2352961.089343 -10404299.116579 1.85257
22 1407038958.00 2326 274158.00 04 -0.125804142 0.982473916 -0.137543893 21459395.62347 21459419.58881 120.55 47.13 5.76050 9.48722 3.00948 -2699677.667183 21083271.615518 -2951605.337608 1.36382
22 1407038958.00 2326 274158.00 07 0.561895682 0.253994289 -0.787248464 21396635.59214 21396658.46277 314.45 58.95 5.08176 8.36938 2.57607 12022644.643063 5434608.546493 -16844422.966732 1.16701
22 1407038958.00 2326 274158.00 08 -0.400765950 0.914280552 -0.058972240 22367270.24525 22367277.96469 110.69 32.00 7.30617 12.03285 4.15367 -8964039.962060 20449959.398903 -1319047.968430 1.88451
22 1407038958.00 2326 274158.00 09 0.304188572 0.739916283 -0.599994340 20139504.42477 20139523.34650 68.97 84.32 4.46807 7.35867 2.21884 6126198.316510 14901525.912264 -12083571.358083 1.00493
22 1407038958.00 2326 274158.00 14 0.832322545 0.293502328 0.470208001 24206831.72887 24206841.66777 217.44 15.68 11.99441 19.75413 8.04433 20147856.807793 7104749.130104 11382226.183636 3.67377
22 1407038958.00 2326 274158.00 16 -0.626244359 0.190407127 -0.756017942 23571036.11663 23571048.05302 42.52 18.79 8.68893 14.31019 6.78363 -14761224.943184 4488092.216214 -17820122.053206 3.09007
22 1407038958.00 2326 274158.00 20 0.579719975 -0.474374539 -0.662490413 24143009.14536 24143012.84261 310.06 15.71 10.91187 17.97124 8.03107 13996159.070351 -11452807.891383 -15994482.843047 3.66760
22 1407038958.00 2326 274158.00 27 -0.659488091 0.596139824 -0.457922229 22865443.85288 22865455.04182 73.34 25.37 7.90823 13.02442 5.12471 -15079488.120699 13631001.878408 -10470595.174527 2.32801
22 1407038958.00 2326 274158.00 30 0.883502220 -0.103267967 -0.456902127 22776583.27825 22776596.09987 282.36 32.62 7.85477 12.93638 4.08308 20123116.392929 -2352086.142249 -10406645.808233 1.85233
23 1407038959.00 2326 274159.00 04 -0.125821142 0.982491957 -0.137399401 21459789.82501 21459813.79197 120.56 47.12 5.76083 9.48776 3.00980 -2700092.082377 21084046.056967 -2948558.784496 1.36396
23 1407038959.00 2326 274159.00 07 0.561793134 0.254041810 -0.787306315 21396489.95089 21396512.82182 314.46 58.95 5.08140 8.36879 2.57599 12020368.645485 5435588.337809 -16845546.112744 1.16697
23 1407038959.00 2326 274159.00 08 -0.400783763 0.914263739 -0.059111686 22366930.38772 22366938.10750 110.68 32.00 7.30526 12.03136 4.15320 -8964302.182741 20449272.599360 -1322146.912045 1.88430
23 1407038959.00 2326 274159.00 09 0.304165932 0.740013948 -0.599885358 20139514.00348 20139532.92533 69.05 84.32 4.46792 7.35842 2.21884 6125745.269138 14903499.933217 -12081382.267056 1.00493
23 1407038959.00 2326 274159.00 14 0.832368248 0.293545588 0.470100083 24206184.19999 24206194.14264 217.45 15.69 11.99196 19.75009 8.04113 20148424.129496 7105606.228428 11379309.436624 3.67228
23 1407038959.00 2326 274159.00 16 -0.626312109 0.190319438 -0.755983898 23571718.22420 23571730.16219 42.52 18.78 8.68948 14.31109 6.78587 -14763249.086763 4486155.104261 -17819835.257492 3.09111
23 1407038959.00 2326 274159.00 20 0.579814670 -0.474326212 -0.662442144 24142728.02847 24142731.72560 310.06 15.71 10.91106 17.96992 8.02979 13998282.274057 -11451507.781487 -15993131.261492 3.66701
23 1407038959.00 2326 274159.00 27 -0.659487927 0.596058260 -0.458028628 22865426.77950 22865437.97297 73.33 25.37 7.90784 13.02377 5.12468 -15079473.127825 13629126.699314 -10473020.201602 2.32799
23 1407038959.00 2326 274159.00 30 0.883449285 -0.103231266 -0.457012765 22776203.53601 22776216.35374 282.37 32.63 7.85369 12.93459 4.08256 20121575.214917 -2351211.004874 -10408992.207363 1.85209
24 1407038960.00 2326 274160.00 04 -0.125838136 0.982509977 -0.137254906 21460184.06156 21460208.03055 120.57 47.12 5.76116 9.48831 3.01011 -2700506.381979 21084820.145148 -2945512.090115 1.36410
24 1407038960.00 2326 274160.00 07 0.561690580 0.254089340 -0.787364146 21396344.28757 21396367.15792 314.47 58.96 5.08104 8.36820 2.57591 12018092.575125 5436568.312713 -16846668.846182 1.16694
24 1407038960.00 2326 274160.00 08 -0.400801575 0.914246904 -0.059251131 22366590.57585 22366598.29670 110.68 32.00 7.30436 12.02987 4.15273 -8964564.397055 20448585.423341 -1325245.747034 1.88408
24 1407038960.00 2326 274160.00 09 0.304143297 0.740111598 -0.599776356 20139523.63718 20139542.56033 69.14 84.32 4.46777 7.35816 2.21885 6125292.369936 14905473.705993 -12079192.838761 1.00493
24 1407038960.00 2326 274160.00 14 0.832413942 0.293588839 0.469992152 24205536.65341 24205546.59773 217.45 15.69 11.98950 19.74604 8.03794 20148991.219718 7106463.060463 11376392.526782 3.67079
24 1407038960.00 2326 274160.00 16 -0.626379857 0.190231759 -0.755949835 23572400.32491 23572412.26110 42.52 18.77 8.69003 14.31199 6.78812 -14765273.310238 4484218.137396 -17819547.992051 3.09215
24 1407038960.00 2326 274160.00 20 0.579909361 -0.474277889 -0.662393854 24142446.97133 24142450.66817 310.05 15.71 10.91026 17.96859 8.02851 14000405.404062 -11450207.871726 -15991779.262800 3.66641
24 1407038960.00 2326 274160.00 27 -0.659487763 0.595976679 -0.458135010 22865409.78567 22865420.97396 73.32 25.37 7.90745 13.02312 5.12465 -15079458.198034 13627251.212699 -10475444.916869 2.32798
24 1407038960.00 2326 274160.00 30 0.883396337 -0.103194555 -0.457123393 22775823.76522 22775836.58832 282.38 32.63 7.85260 12.93280 4.08204 20120033.813270 -2350335.677198 -10411338.313920 1.85186
25 1407038961.00 2326 274161.00 04 -0.125855123 0.982527976 -0.137110410 21460578.39745 21460602.36437 120.58 47.11 5.76149 9.48886 3.01043 -2700920.566034 21085593.880030 -2942465.254530 1.36425
25 1407038961.00 2326 274161.00 07 0.561588022 0.254136879 -0.787421959 21396198.67087 21396221.54236 314.49 58.96 5.08068 8.36761 2.57583 12015816.432043 5437548.471200 -16847791.167022 1.16690
25 1407038961.00 2326 274161.00 08 -0.400819385 0.914230048 -0.059390576 22366250.88159 22366258.60044 110.67 32.01 7.30345 12.02838 4.15225 -8964826.605054 20447897.870855 -1328344.473330 1.88386
25 1407038961.00 2326 274161.00 09 0.304120669 0.740209231 -0.599667335 20139533.39134 20139552.31328 69.22 84.32 4.46761 7.35791 2.21885 6124839.618874 14907447.230539 -12077003.073245 1.00493
25 1407038961.00 2326 274161.00 14 0.832459628 0.293632080 0.469884208 24204889.15746 24204899.10411 217.45 15.70 11.98705 19.74200 8.03474 20149558.078412 7107319.626231 11373475.454173 3.66931
25 1407038961.00 2326 274161.00 16 -0.626447604 0.190144091 -0.755915752 23573082.48290 23573094.42131 42.51 18.77 8.69058 14.31290 6.79037 -14767297.613555 4482281.315664 -17819260.256892 3.09318
25 1407038961.00 2326 274161.00 20 0.580004048 -0.474229572 -0.662345542 24142166.03845 24142169.73553 310.04 15.72 10.90945 17.96726 8.02724 14002528.460304 -11448908.162110 -15990426.846997 3.66582
25 1407038961.00 2326 274161.00 27 -0.659487598 0.595895081 -0.458241377 22865392.94102 22865404.13247 73.31 25.37 7.90705 13.02247 5.12462 -15079443.331373 13625375.418602 -10477869.320272 2.32796
25 1407038961.00 2326 274161.00 30 0.883343376 -0.103157834 -0.457234012 22775444.03992 22775456.86172 282.38 32.64 7.85152 12.93102 4.08153 20118492.188039 -2349460.159202 -10413684.127854 1.85162
26 1407038962.00 2326 274162.00 04 -0.125872104 0.982545954 -0.136965913 21460972.77425 21460996.74116 120.58 47.10 5.76182 9.48940 3.01074 -2701334.634588 21086367.261584 -2939418.277807 1.36439
26 1407038962.00 2326 274162.00 07 0.561485457 0.254184427 -0.787479751 21396053.03970 21396075.91069 314.50 58.96 5.08033 8.36701 2.57575 12013540.216298 5438528.813266 -16848913.075241 1.16686
26 1407038962.00 2326 274162.00 08 -0.400837194 0.914213170 -0.059530020 22365911.24155 22365918.96181 110.66 32.01 7.30255 12.02690 4.15178 -8965088.806787 20447209.941913 -1331443.090864 1.88365
26 1407038962.00 2326 274162.00 09 0.304098046 0.740306848 -0.599558295 20139543.20506 20139562.12680 69.31 84.32 4.46746 7.35766 2.21885 6124387.015924 14909420.506802 -12074812.970555 1.00494
26 1407038962.00 2326 274162.00 14 0.832505306 0.293675313 0.469776251 24204241.64837 24204251.59413 217.46 15.71 11.98459 19.73796 8.03155 20150124.705532 7108175.925753 11370558.218857 3.66782
26 1407038962.00 2326 274162.00 16 -0.626515349 0.190056435 -0.755881650 23573764.64223 23573776.57908 42.51 18.76 8.69113 14.31380 6.79263 -14769321.996661 4480344.639109 -17818972.052022 3.09422
26 1407038962.00 2326 274162.00 20 0.580098732 -0.474181260 -0.662297209 24141885.17294 24141888.86957 310.04 15.72 10.90865 17.96594 8.02596 14004651.442717 -11447608.652649 -15989074.014113 3.66523
26 1407038962.00 2326 274162.00 27 -0.659487433 0.595813467 -0.458347727 22865376.17953 22865387.37060 73.30 25.37 7.90666 13.02183 5.12458 -15079428.527885 13623499.317066 -10480293.411759 2.32795
26 1407038962.00 2326 274162.00 30 0.883290403 -0.103121103 -0.457344621 22775064.29844 22775077.12145 282.39 32.64 7.85044 12.92923 4.08101 20116950.339277 -2348584.450868 -10416029.649117 1.85139
27 1407038963.00 2326 274163.00 04 -0.125889079 0.982563912 -0.136821413 21461367.20547 21461391.17145 120.59 47.10 5.76215 9.48995 3.01106 -2701748.587684 21087140.289781 -2936371.160010 1.36453
27 1407038963.00 2326 274163.00 07 0.561382887 0.254231984 -0.787537524 21395907.40930 21395930.28195 314.51 58.96 5.07997 8.36642 2.57568 12011263.927950 5439509.338907 -16850034.570816 1.16683
27 1407038963.00 2326 274163.00 08 -0.400855001 0.914196272 -0.059669462 22365571.67212 22365579.39424 110.65 32.02 7.30165 12.02541 4.15131 -8965351.002306 20446521.636525 -1334541.599569 1.88343
27 1407038963.00 2326 274163.00 09 0.304075430 0.740404449 -0.599449234 20139553.09527 20139572.01773 69.39 84.31 4.46731 7.35740 2.21886 6123934.561057 14911393.534729 -12072622.530738 1.00494
27 1407038963.00 2326 274163.00 14 0.832550976 0.293718536 0.469668281 24203594.15032 24203604.09806 217.46 15.71 11.98214 19.73392 8.02836 20150691.101030 7109031.959048 11367640.820896 3.66634
27 1407038963.00 2326 274163.00 16 -0.626583092 0.189968789 -0.755847529 23574446.81697 23574458.75395 42.51 18.75 8.69167 14.31470 6.79488 -14771346.459501 4478408.107778 -17818683.377451 3.09526
27 1407038963.00 2326 274163.00 20 0.580193413 -0.474132953 -0.662248855 24141604.38392 24141608.07930 310.03 15.72 10.90784 17.96461 8.02469 14006774.351239 -11446309.343352 -15987720.764175 3.66464
27 1407038963.00 2326 274163.00 27 -0.659487266 0.595731835 -0.458454062 22865359.51927 22865370.71153 73.29 25.37 7.90626 13.02118 5.12455 -15079413.787616 13621622.908130 -10482717.191276 2.32794
27 1407038963.00 2326 274163.00 30 0.883237417 -0.103084363 -0.457455220 22774684.54954 22774697.37483 282.40 32.65 7.84935 12.92745 4.08050 20115408.267035 -2347708.552176 -10418374.877661 1.85115
28 1407038964.00 2326 274164.00 04 -0.125906047 0.982581849 -0.136676912 21461761.85344 21461785.82127 120.60 47.09 5.76249 9.49049 3.01137 -2702162.425367 21087912.964589 -2933323.901204 1.36468
28 1407038964.00 2326 274164.00 07 0.561280312 0.254279550 -0.787595278 21395761.94331 21395784.81366 314.52 58.97 5.07961 8.36583 2.57560 12008987.567061 5440490.048118 -16851155.653725 1.16679
28 1407038964.00 2326 274164.00 08 -0.400872807 0.914179352 -0.059808904 22365232.33523 22365240.05746 110.64 32.02 7.30074 12.02392 4.15083 -8965613.191661 20445832.954701 -1337639.999376 1.88322
28 1407038964.00 2326 274164.00 09 0.304052819 0.740502034 -0.599340154 20139563.22469 20139582.14701 69.48 84.31 4.46715 7.35715 2.21886 6123482.254243 14913366.314266 -12070431.753841 1.00494
28 1407038964.00 2326 274164.00 14 0.832596637 0.293761751 0.469560298 24202946.81516 24202956.76293 217.46 15.72 11.97969 19.72988 8.02517 20151257.264859 7109887.726137 11364723.260352 3.66486
28 1407038964.00 2326 274164.00 16 -0.626650834 0.189881154 -0.755813389 23575129.16716 23575141.09976 42.51 18.75 8.69222 14.31561 6.79714 -14773371.002024 4476471.721713 -17818394.233186 3.09630
28 1407038964.00 2326 274164.00 20 0.580288091 -0.474084651 -0.662200480 24141323.84001 24141327.53618 310.02 15.72 10.90704 17.96329 8.02341 14008897.185806 -11445010.234230 -15986367.097211 3.66404
28 1407038964.00 2326 274164.00 27 -0.659487098 0.595650187 -0.458560380 22865343.12791 22865354.31817 73.28 25.37 7.90587 13.02053 5.12452 -15079399.110610 13619746.191834 -10485140.658768 2.32792
28 1407038964.00 2326 274164.00 30 0.883184420 -0.103047613 -0.457565810 22774304.96373 22774317.78720 282.40 32.65 7.84827 12.92566 4.07998 20113865.971364 -2346832.463107 -10420719.813435 1.85092
29 1407038965.00 2326 274165.00 04 -0.125923008 0.982599765 -0.136532409 21462156.54879 21462180.51725 120.61 47.08 5.76282 9.49104 3.01169 -2702576.147684 21088685.285981 -2930276.501456 1.36482
29 1407038965.00 2326 274165.00 07 0.561177731 0.254327124 -0.787653012 21395616.46800 21395639.33902 314.54 58.97 5.07925 8.36524 2.57552 12006711.133689 5441470.940897 -16852276.323943 1.16676
29 1407038965.00 2326 274165.00 08 -0.400890612 0.914162411 -0.059948345 22364893.06018 22364900.78246 110.63 32.03 7.29984 12.02243 4.15036 -8965875.374901 20445143.896451 -1340738.290219 1.88300
29 1407038965.00 2326 274165.00 09 0.304030214 0.740599603 -0.599231055 20139573.42052 20139592.34272 69.56 84.31 4.46700 7.35690 2.21886 6123030.095455 14915338.845361 -12068240.639911 1.00494
29 1407038965.00 2326 274165.00 14 0.832642291 0.293804956 0.469452302 24202299.47981 24202309.43171 217.46 15.73 11.97723 19.72584 8.02199 20151823.196972 7110743.227041 11361805.537287 3.66338
29 1407038965.00 2326 274165.00 16 -0.626718574 0.189793530 -0.755779230 23575811.52306 23575823.45583 42.51 18.74 8.69277 14.31651 6.79939 -14775395.624175 4474535.480959 -17818104.619237 3.09734
29 1407038965.00 2326 274165.00 20 0.580382765 -0.474036354 -0.662152083 24141043.36593 24141047.06291 310.02 15.73 10.90623 17.96196 8.02214 14011019.946354 -11443711.325291 -15985013.013249 3.66345
29 1407038965.00 2326 274165.00 27 -0.659486930 0.595568521 -0.458666683 22865326.82255 22865338.01468 73.28 25.37 7.90548 13.01988 5.12449 -15079384.496913 13617869.168220 -10487563.814184 2.32791
29 1407038965.00 2326 274165.00 30 0.883131409 -0.103010853 -0.457676390 22773925.36668 22773938.18955 282.41 32.66 7.84719 12.92388 4.07946 20112323.452317 -2345956.183643 -10423064.456392 1.85068
30 1407038966.00 2326 274166.00 04 -0.125939963 0.982617660 -0.136387904 21462551.38419 21462575.35097 120.62 47.08 5.76315 9.49159 3.01200 -2702989.754678 21089457.253926 -2927228.960830 1.36496
30 1407038966.00 2326 274166.00 07 0.561075145 0.254374708 -0.787710727 21395471.07794 21395493.95082 314.55 58.97 5.07889 8.36465 2.57544 12004434.627896 5442452.017237 -16853396.581448 1.16672
30 1407038966.00 2326 274166.00 08 -0.400908415 0.914145448 -0.060087785 22364553.94117 22364561.66277 110.63 32.03 7.29894 12.02094 4.14989 -8966137.552078 20444454.461786 -1343836.472028 1.88279
30 1407038966.00 2326 274166.00 09 0.304007615 0.740697156 -0.599121936 20139583.77734 20139602.69936 69.65 84.31 4.46684 7.35665 2.21887 6122578.084663 14917311.127959 -12066049.188996 1.00494
30 1407038966.00 2326 274166.00 14 0.832687936 0.293848152 0.469344293 24201652.23314 24201662.18743 217.47 15.73 11.97478 19.72180 8.01881 20152388.897322 7111598.461781 11358887.651762 3.66190
30 1407038966.00 2326 274166.00 16 -0.626786313 0.189705917 -0.755745051 23576493.97639 23576505.90836 42.51 18.73 8.69332 14.31741 6.80165 -14777420.325900 4472599.385562 -17817814.535611 3.09839
30 1407038966.00 2326 274166.00 20 0.580477435 -0.473988063 -0.662103665 24140763.05778 24140766.75496 310.01 15.73 10.90543 17.96064 8.02087 14013142.632820 -11442412.616546 -15983658.512319 3.66286
30 1407038966.00 2326 274166.00 27 -0.659486761 0.595486839 -0.458772969 22865310.70768 22865321.89947 73.27 25.37 7.90509 13.01924 5.12446 -15079369.946570 13615991.837328 -10489986.657468 2.32789
30 1407038966.00 2326 274166.00 30 0.883078386 -0.102974083 -0.457786961 22773545.85051 22773558.67468 282.42 32.66 7.84610 12.92209 4.07895 20110780.709945 -2345079.713763 -10425408.806483 1.85045
31 1407038967.00 2326 274167.00 04 -0.125956912 0.982635534 -0.136243397 21462946.31874 21462970.28530 120.62 47.07 5.76348 9.49214 3.01232 -2703403.246394 21090228.868394 -2924181.279392 1.36510
31 1407038967.00 2326 274167.00 07 0.560972553 0.254422301 -0.787768422 21395325.73374 21395348.60781 314.56 58.98 5.07853 8.36406 2.57536 12002158.049741 5443433.277135 -16854516.426217 1.16668
31 1407038967.00 2326 274167.00 08 -0.400926217 0.914128465 -0.060227225 22364214.93406 22364222.65738 110.62 32.03 7.29803 12.01946 4.14942 -8966399.723242 20443764.650716 -1346934.544737 1.88257
31 1407038967.00 2326 274167.00 09 0.303985021 0.740794692 -0.599012797 20139594.25309 20139613.17517 69.73 84.31 4.46669 7.35639 2.21887 6122126.221838 14919283.162008 -12063857.401143 1.00494
31 1407038967.00 2326 274167.00 14 0.832733573 0.293891340 0.469236270 24201005.03766 24201014.99394 217.47 15.74 11.97233 19.71776 8.01563 20152954.365861 7112453.430378 11355969.603838 3.66042
31 1407038967.00 2326 274167.00 16 -0.626854050 0.189618315 -0.755710853 23577176.49081 23577188.42267 42.51 18.73 8.69387 14.31831 6.80391 -14779445.107147 4470663.435566 -17817523.982318 3.09943
31 1407038967.00 2326 274167.00 20 0.580572103 -0.473939776 -0.662055226 24140482.86915 24140486.56619 310.00 15.73 10.90463 17.95931 8.01960 14015265.245141 -11441114.108003 -15982303.594446 3.66227
31 1407038967.00 2326 274167.00 27 -0.659486590 0.595405140 -0.458879239 22865294.73667 22865305.92859 73.26 25.37 7.90469 13.01859 5.12443 -15079355.459625 13614114.199198 -10492409.188567 2.32788
31 1407038967.00 2326 274167.00 30 0.883025351 -0.102937304 -0.457897522 22773166.37792 22773179.20207 282.42 32.67 7.84502 12.92031 4.07843 20109237.744299 -2344203.053451 -10427752.863659 1.85021
32 1407038968.00 2326 274168.00 04 -0.125973854 0.982653388 -0.136098889 21463341.33455 21463365.30290 120.63 47.06 5.76381 9.49268 3.01263 -2703816.622877 21091000.129357 -2921133.457206 1.36525
32 1407038968.00 2326 274168.00 07 0.560869956 0.254469902 -0.787826098 21395180.41846 21395203.29166 314.58 58.98 5.07817 8.36347 2.57528 11999881.399285 5444414.720588 -16855635.858227 1.16665
32 1407038968.00 2326 274168.00 08 -0.400944017 0.914111460 -0.060366663 22363876.02590 22363883.75114 110.61 32.04 7.29713 12.01797 4.14894 -8966661.888444 20443074.463251 -1350032.508276 1.88236
32 1407038968.00 2326 274168.00 09 0.303962434 0.740892213 -0.598903638 20139604.82970 20139623.75087 69.82 84.31 4.46654 7.35614 2.21887 6121674.506952 14921254.947455 -12061665.276398 1.00495
32 1407038968.00 2326 274168.00 14 0.832779202 0.293934518 0.469128235 24200357.87548 24200367.83049 217.47 15.75 11.96988 19.71373 8.01245 20153519.602543 7113308.132851 11353051.393578 3.65895
32 1407038968.00 2326 274168.00 16 -0.626921786 0.189530724 -0.755676636 23577859.04328 23577870.97411 42.51 18.72 8.69441 14.31922 6.80617 -14781469.967861 4468727.631014 -17817232.959365 3.10047
32 1407038968.00 2326 274168.00 20 0.580666766 -0.473891495 -0.662006766 24140202.79411 24140206.49097 310.00 15.73 10.90382 17.95799 8.01833 14017387.783252 -11439815.799674 -15980948.259661 3.66168
32 1407038968.00 2326 274168.00 27 -0.659486419 0.595323424 -0.458985493 22865278.89468 22865290.08714 73.25 25.37 7.90430 13.01794 5.12440 -15079341.036123 13612236.253871 -10494831.407427 2.32787
32 1407038968.00 2326 274168.00 30 0.882972303 -0.102900515 -0.458008073 22772786.92455 22772799.75216 282.43 32.67 7.84394 12.91853 4.07792 20107694.555432 -2343326.202685 -10430096.627871 1.84998
33 1407038969.00 2326 274169.00 04 -0.125990789 0.982671221 -0.135954379 21463736.40363 21463760.37009 120.64 47.06 5.76415 9.49323 3.01295 -2704229.884172 21091771.036784 -2918085.494339 1.36539
33 1407038969.00 2326 274169.00 07 0.560767353 0.254517513 -0.787883755 21395035.10109 21395057.97404 314.59 58.98 5.07781 8.36288 2.57520 11997604.676587 5445396.347590 -16856754.877454 1.16661
33 1407038969.00 2326 274169.00 08 -0.400961816 0.914094434 -0.060506100 22363537.18358 22363544.90937 110.60 32.04 7.29623 12.01648 4.14847 -8966924.047734 20442383.899402 -1353130.362579 1.88214
33 1407038969.00 2326 274169.00 09 0.303939852 0.740989717 -0.598794460 20139615.48033 20139634.40203 69.90 84.31 4.46638 7.35589 2.21888 6121222.939976 14923226.484246 -12059472.814810 1.00495
33 1407038969.00 2326 274169.00 14 0.832824822 0.293977687 0.469020186 24199710.71577 24199720.67192 217.48 15.75 11.96743 19.70969 8.00928 20154084.607320 7114162.569222 11350133.021042 3.65747
33 1407038969.00 2326 274169.00 16 -0.626989520 0.189443144 -0.755642400 23578541.61079 23578553.54020 42.51 18.71 8.69496 14.32012 6.80844 -14783494.907989 4466791.971953 -17816941.466761 3.10152
33 1407038969.00 2326 274169.00 20 0.580761427 -0.473843218 -0.661958284 24139922.79044 24139926.48707 309.99 15.74 10.90302 17.95667 8.01706 14019510.247091 -11438517.691567 -15979592.507990 3.66109
33 1407038969.00 2326 274169.00 27 -0.659486247 0.595241692 -0.459091732 22865263.15050 22865274.34191 73.24 25.37 7.90391 13.01730 5.12437 -15079326.676110 13610358.001388 -10497253.313996 2.32785
33 1407038969.00 2326 274169.00 30 0.882919243 -0.102863717 -0.458118615 22772407.47079 22772420.29909 282.44 32.67 7.84285 12.91674 4.07740 20106151.143395 -2342449.161448 -10432440.099069 1.84975
34 1407038970.00 2326 274170.00 04 -0.126007718 0.982689033 -0.135809867 21464131.56159 21464155.52836 120.65 47.05 5.76448 9.49378 3.01326 -2704643.030324 21092541.590646 -2915037.390854 1.36553
34 1407038970.00 2326 274170.00 07 0.560664745 0.254565132 -0.787941392 21394889.81836 21394912.68964 314.60 58.99 5.07746 8.36229 2.57512 11995327.881708 5446378.158137 -16857873.483875 1.16658
34 1407038970.00 2326 274170.00 08 -0.400979613 0.914077387 -0.060645537 22363198.44782 22363206.17432 110.59 32.05 7.29533 12.01500 4.14800 -8967186.201162 20441692.959178 -1356228.107577 1.88193
34 1407038970.00 2326 274170.00 09 0.303917277 0.741087205 -0.598685263 20139626.24190 20139645.16406 69.99 84.31 4.46623 7.35564 2.21888 6120771.520880 14925197.772328 -12057280.016425 1.00495
34 1407038970.00 2326 274170.00 14 0.832870435 0.294020847 0.468912125 24199063.59507 24199073.54755 217.48 15.76 11.96498 19.70566 8.00610 20154649.380145 7115016.739511 11347214.486293 3.65600
34 1407038970.00 2326 274170.00 16 -0.627057252 0.189355575 -0.755608145 23579224.22378 23579236.15196 42.51 18.71 8.69551 14.32102 6.81070 -14785519.927478 4464856.458426 -17816649.504514 3.10256
34 1407038970.00 2326 274170.00 20 0.580856084 -0.473794947 -0.661909781 24139642.90246 24139646.59892 309.99 15.74 10.90222 17.95534 8.01579 14021632.636592 -11437219.783692 -15978236.339463 3.66050
34 1407038970.00 2326 274170.00 27 -0.659486074 0.595159942 -0.459197954 22865247.54238 22865258.73442 73.23 25.37 7.90352 13.01665 5.12434 -15079312.379630 13608479.441789 -10499674.908218 2.32784
34 1407038970.00 2326 274170.00 30 0.882866171 -0.102826909 -0.458229147 22772028.04577 22772040.87214 282.44 32.68 7.84177 12.91496 4.07689 20104607.508240 -2341571.929721 -10434783.277206 1.84951
35 1407038971.00 2326 274171.00 04 -0.126024641 0.982706824 -0.135665354 21464526.65922 21464550.62533 120.66 47.04 5.76481 9.49433 3.01358 -2705056.061379 21093311.790914 -2911989.146819 1.36568
35 1407038971.00 2326 274171.00 07 0.560562132 0.254612760 -0.787999009 21394744.42107 21394767.29509 314.62 58.99 5.07710 8.36170 2.57504 11993051.014708 5447360.152225 -16858991.677468 1.16654
35 1407038971.00 2326 274171.00 08 -0.400997409 0.914060318 -0.060784972 22362859.66545 22362867.39018 110.58 32.05 7.29443 12.01351 4.14753 -8967448.348780 20441001.642590 -1359325.743203 1.88171
35 1407038971.00 2326 274171.00 09 0.303894707 0.741184677 -0.598576045 20139636.96447 20139655.88701 70.07 84.31 4.46608 7.35538 2.21889 6120320.249635 14927168.811648 -12055086.881290 1.00495
35 1407038971.00 2326 274171.00 14 0.832916039 0.294063998 0.468804050 24198416.36781 24198426.31377 217.48 15.77 11.96253 19.70163 8.00293 20155213.920972 7115870.643740 11344295.789392 3.65453
35 1407038971.00 2326 274171.00 16 -0.627124983 0.189268016 -0.755573870 23579906.73629 23579918.66652 42.51 18.70 8.69606 14.32192 6.81297 -14787545.026273 4462921.090478 -17816357.072634 3.10361
35 1407038971.00 2326 274171.00 20 0.580950737 -0.473746681 -0.661861257 24139362.98214 24139366.67902 309.98 15.74 10.90141 17.95402 8.01453 14023754.951694 -11435922.076058 -15976879.754106 3.65991
35 1407038971.00 2326 274171.00 27 -0.659485901 0.595078176 -0.459304160 22865231.91904 22865243.11373 73.22 25.37 7.90312 13.01601 5.12431 -15079298.146728 13606600.575115 -10502096.190041 2.32783
35 1407038971.00 2326 274171.00 30 0.882813086 -0.102790091 -0.458339670 22771648.50410 22771661.33139 282.45 32.68 7.84069 12.91318 4.07638 20103063.650018 -2340694.507484 -10437126.162233 1.84928
36 1407038972.00 2326 274172.00 04 -0.126041557 0.982724594 -0.135520838 21464921.84324 21464945.81022 120.66 47.04 5.76515 9.49487 3.01389 -2705468.977379 21094081.637557 -2908940.762298 1.36582
36 1407038972.00 2326 274172.00 07 0.560459513 0.254660397 -0.788056607 21394599.05365 21394621.92839 314.63 58.99 5.07674 8.36111 2.57496 11990774.075646 5448342.329850 -16860109.458210 1.16650
36 1407038972.00 2326 274172.00 08 -0.401015203 0.914043228 -0.060924407 22362520.98564 22362528.71276 110.58 32.05 7.29352 12.01203 4.14706 -8967710.490637 20440309.949649 -1362423.269388 1.88150
36 1407038972.00 2326 274172.00 09 0.303872143 0.741282133 -0.598466808 20139647.79207 20139666.71376 70.16 84.31 4.46593 7.35513 2.21889 6119869.126214 14929139.602153 -12052893.409452 1.00495
36 1407038972.00 2326 274172.00 14 0.832961635 0.294107140 0.468695962 24197769.17252 24197779.12858 217.48 15.77 11.96008 19.69759 7.99977 20155778.229753 7116724.281928 11341376.930400 3.65306
36 1407038972.00 2326 274172.00 16 -0.627192712 0.189180469 -0.755539577 23580589.29314 23580601.22333 42.51 18.69 8.69660 14.32282 6.81523 -14789570.204322 4460985.868153 -17816064.171129 3.10465
36 1407038972.00 2326 274172.00 20 0.581045388 -0.473698420 -0.661812711 24139083.16857 24139086.86584 309.97 15.75 10.90061 17.95270 8.01326 14025877.192332 -11434624.568675 -15975522.751949 3.65933
36 1407038972.00 2326 274172.00 27 -0.659485726 0.594996393 -0.459410350 22865216.43308 22865227.62663 73.22 25.37 7.90273 13.01536 5.12429 -15079283.977449 13604721.401406 -10504517.159412 2.32781
36 1407038972.00 2326 274172.00 30 0.882759988 -0.102753263 -0.458450183 22771268.98889 22771281.81823 282.46 32.69 7.83961 12.91139 4.07586 20101519.568781 -2339816.894718 -10439468.754100 1.84904
37 1407038973.00 2326 274173.00 04 -0.126058467 0.982742344 -0.135376321 21465317.09501 21465341.06227 120.67 47.03 5.76548 9.49542 3.01421 -2705881.778372 21094851.130547 -2905892.237355 1.36596
37 1407038973.00 2326 274173.00 07 0.560356889 0.254708043 -0.788114186 21394453.70127 21394476.57512 314.64 58.99 5.07638 8.36052 2.57488 11988497.064584 5449324.691007 -16861226.826077 1.16647
37 1407038973.00 2326 274173.00 08 -0.401032996 0.914026117 -0.061063841 22362182.38918 22362190.11593 110.57 32.06 7.29262 12.01054 4.14659 -8967972.626783 20439617.880364 -1365520.686065 1.88128
37 1407038973.00 2326 274173.00 09 0.303849584 0.741379572 -0.598357552 20139658.70854 20139677.63111 70.24 84.30 4.46577 7.35488 2.21889 6119418.150587 14931110.143789 -12050699.600960 1.00496
37 1407038973.00 2326 274173.00 14 0.833007223 0.294150273 0.468587861 24197121.99512 24197131.94828 217.49 15.78 11.95764 19.69356 7.99660 20156342.306441 7117577.654097 11338457.909379 3.65159
37 1407038973.00 2326 274173.00 16 -0.627260440 0.189092932 -0.755505264 23581271.87759 23581283.80627 42.51 18.69 8.69715 14.32372 6.81750 -14791595.461570 4459050.791496 -17815770.800006 3.10570
37 1407038973.00 2326 274173.00 20 0.581140034 -0.473650164 -0.661764144 24138803.45033 24138807.14742 309.97 15.75 10.89981 17.95138 8.01200 14027999.358443 -11433327.261553 -15974165.333019 3.65874
37 1407038973.00 2326 274173.00 27 -0.659485551 0.594914593 -0.459516524 22865201.05674 22865212.25114 73.21 25.37 7.90234 13.01472 5.12426 -15079269.871838 13602841.920703 -10506937.816275 2.32780
37 1407038973.00 2326 274173.00 30 0.882706878 -0.102716426 -0.458560686 22770889.48718 22770902.31656 282.46 32.69 7.83852 12.90961 4.07535 20099975.264582 -2338939.091406 -10441811.052760 1.84881
38 1407038974.00 2326 274174.00 04 -0.126075371 0.982760073 -0.135231803 21465712.50434 21465736.46939 120.68 47.02 5.76581 9.49597 3.01452 -2706294.464401 21095620.269854 -2902843.572058 1.36611
38 1407038974.00 2326 274174.00 07 0.560254259 0.254755698 -0.788171745 21394308.45107 21394331.32539 314.65 59.00 5.07602 8.35993 2.57481 11986219.981581 5450307.235692 -16862343.781046 1.16643
38 1407038974.00 2326 274174.00 08 -0.401050788 0.914008985 -0.061203273 22361843.96417 22361851.69225 110.56 32.06 7.29172 12.00906 4.14612 -8968234.757271 20438925.434746 -1368617.993166 1.88107
38 1407038974.00 2326 274174.00 09 0.303827032 0.741476996 -0.598248276 20139669.80313 20139688.72477 70.33 84.30 4.46562 7.35463 2.21890 6118967.322724 14933080.436504 -12048505.455859 1.00496
38 1407038974.00 2326 274174.00 14 0.833052802 0.294193397 0.468479747 24196474.92637 24196484.88325 217.49 15.79 11.95519 19.68953 7.99344 20156906.150989 7118430.760267 11335538.726391 3.65012
38 1407038974.00 2326 274174.00 16 -0.627328166 0.189005407 -0.755470932 23581954.57716 23581966.50741 42.51 18.68 8.69770 14.32462 6.81977 -14793620.797965 4457115.860551 -17815476.959275 3.10675
38 1407038974.00 2326 274174.00 20 0.581234678 -0.473601913 -0.661715556 24138523.91307 24138527.60922 309.96 15.75 10.89901 17.95006 8.01073 14030121.449964 -11432030.154701 -15972807.497344 3.65815
38 1407038974.00 2326 274174.00 27 -0.659485374 0.594832776 -0.459622682 22865185.88630 22865197.07858 73.20 25.37 7.90195 13.01407 5.12423 -15079255.829940 13600962.133047 -10509358.160578 2.32779
38 1407038974.00 2326 274174.00 30 0.882653756 -0.102679579 -0.458671179 22770510.08252 22770522.91183 282.47 32.70 7.83744 12.90783 4.07483 20098430.737471 -2338061.097527 -10444153.058162 1.84857
39 1407038975.00 2326 274175.00 04 -0.126092268 0.982777781 -0.135087282 21466108.01015 21466131.97493 120.69 47.02 5.76615 9.49652 3.01484 -2706707.035512 21096389.055448 -2899794.766470 1.36625
39 1407038975.00 2326 274175.00 07 0.560151624 0.254803362 -0.788229285 21394163.24464 21394186.11865 314.67 59.00 5.07566 8.35933 2.57473 11983942.826698 5451289.963901 -16863460.323095 1.16640
39 1407038975.00 2326 274175.00 08 -0.401068578 0.913991832 -0.061342705 22361505.65144 22361513.37919 110.55 32.07 7.29082 12.00758 4.14565 -8968496.882149 20438232.612805 -1371715.190623 1.88085
39 1407038975.00 2326 274175.00 09 0.303804485 0.741574403 -0.598138980 20139681.01589 20139699.93884 70.41 84.30 4.46547 7.35438 2.21890 6118516.642598 14935050.480244 -12046310.974198 1.00496
39 1407038975.00 2326 274175.00 14 0.833098374 0.294236512 0.468371620 24195827.90253 24195837.87023 217.49 15.79 11.95274 19.68550 7.99028 20157469.763350 7119283.600459 11332619.381498 3.64865
39 1407038975.00 2326 274175.00 16 -0.627395890 0.188917892 -0.755436580 23582637.33420 23582649.26594 42.51 18.67 8.69824 14.32552 6.82205 -14795646.213452 4455181.075363 -17815182.648945 3.10780
39 1407038975.00 2326 274175.00 20 0.581329318 -0.473553668 -0.661666947 24138244.49969 24138248.19557 309.95 15.75 10.89820 17.94874 8.00947 14032243.466829 -11430733.248129 -15971449.244954 3.65756
39 1407038975.00 2326 274175.00 27 -0.659485197 0.594750942 -0.459728823 22865170.85933 22865182.04864 73.19 25.37 7.90156 13.01343 5.12420 -15079241.851799 13599082.038479 -10511778.192267 2.32777
39 1407038975.00 2326 274175.00 30 0.882600622 -0.102642723 -0.458781663 22770130.71973 22770143.54692 282.48 32.70 7.83636 12.90605 4.07432 20096885.987500 -2337182.913063 -10446494.770259 1.84834
40 1407038976.00 2326 274176.00 04 -0.126109158 0.982795468 -0.134942760 21466503.65050 21466527.61551 120.69 47.01 5.76648 9.49707 3.01516 -2707119.491750 21097157.487300 -2896745.820657 1.36640
40 1407038976.00 2326 274176.00 07 0.560048983 0.254851035 -0.788286805 21394018.11814 21394040.99029 314.68 59.00 5.07530 8.35874 2.57465 11981665.599994 5452272.875629 -16864576.452199 1.16636
40 1407038976.00 2326 274176.00 08 -0.401086367 0.913974657 -0.061482136 22361167.48923 22361175.21510 110.54 32.07 7.28992 12.00609 4.14518 -8968759.001468 20437539.414553 -1374812.278368 1.88064
40 1407038976.00 2326 274176.00 09 0.303781945 0.741671794 -0.598029665 20139692.38412 20139711.30822 70.50 84.30 4.46531 7.35412 2.21891 6118066.110178 14937020.274956 -12044116.156023 1.00496
40 1407038976.00 2326 274176.00 14 0.833143937 0.294279618 0.468263480 24195180.96224 24195190.93268 217.50 15.80 11.95030 19.68147 7.98713 20158033.143476 7120136.174694 11329699.874761 3.64718
40 1407038976.00 2326 274176.00 16 -0.627463613 0.188830389 -0.755402210 23583320.18240 23583332.11117 42.50 18.67 8.69879 14.32642 6.82432 -14797671.707978 4453246.435977 -17814887.869023 3.10885
40 1407038976.00 2326 274176.00 20 0.581423954 -0.473505427 -0.661618316 24137965.24425 24137968.94115 309.95 15.76 10.89740 17.94742 8.00821 14034365.408977 -11429436.541847 -15970090.575875 3.65698
40 1407038976.00 2326 274176.00 27 -0.659485019 0.594669092 -0.459834949 22865156.00934 22865167.20137 73.18 25.37 7.90117 13.01278 5.12417 -15079227.937461 13597201.637038 -10514197.911289 2.32776
40 1407038976.00 2326 274176.00 30 0.882547474 -0.102605856 -0.458892137 22769751.43096 22769764.26088 282.48 32.71 7.83528 12.90427 4.07381 20095341.014722 -2336304.537995 -10448836.189002 1.84811
41 1407038977.00 2326 274177.00 04 -0.126126042 0.982813134 -0.134798236 21466899.36545 21466923.33156 120.70 47.01 5.76681 9.49762 3.01547 -2707531.833158 21097925.565381 -2893696.734685 1.36654
41 1407038977.00 2326 274177.00 07 0.559946337 0.254898717 -0.788344305 21393873.01085 21393895.88490 314.69 59.01 5.07495 8.35815 2.57457 11979388.301529 5453255.970873 -16865692.168338 1.16633
41 1407038977.00 2326 274177.00 08 -0.401104154 0.913957461 -0.061621566 22360829.41798 22360837.14772 110.53 32.07 7.28902 12.00461 4.14471 -8969021.115279 20436845.839998 -1377909.256334 1.88042
41 1407038977.00 2326 274177.00 09 0.303759410 0.741769169 -0.597920330 20139703.84845 20139722.77137 70.58 84.30 4.46516 7.35387 2.21891 6117615.725437 14938989.820587 -12041921.001381 1.00496
41 1407038977.00 2326 274177.00 14 0.833189492 0.294322714 0.468155327 24194534.04934 24194544.02638 217.50 15.81 11.94785 19.67744 7.98397 20158596.291322 7120988.482993 11326780.206241 3.64572
41 1407038977.00 2326 274177.00 16 -0.627531334 0.188742896 -0.755367820 23584003.06636 23584014.99424 42.50 18.66 8.69934 14.32732 6.82659 -14799697.281490 4451311.942437 -17814592.619519 3.10990
41 1407038977.00 2326 274177.00 20 0.581518587 -0.473457192 -0.661569664 24137686.08871 24137689.78538 309.94 15.76 10.89660 17.94610 8.00695 14036487.276343 -11428140.035863 -15968731.490136 3.65639
41 1407038977.00 2326 274177.00 27 -0.659484840 0.594587225 -0.459941059 22865141.28362 22865152.47743 73.17 25.37 7.90078 13.01214 5.12415 -15079214.086971 13595320.928767 -10516617.317590 2.32775
41 1407038977.00 2326 274177.00 30 0.882494315 -0.102568980 -0.459002602 22769372.15779 22769384.98754 282.49 32.71 7.83420 12.90249 4.07329 20093795.819187 -2335425.972304 -10451177.314341 1.84787
42 1407038978.00 2326 274178.00 04 -0.126142920 0.982830780 -0.134653711 21467295.03833 21467319.00267 120.71 47.00 5.76715 9.49817 3.01579 -2707944.059784 21098693.289660 -2890647.508618 1.36668
42 1407038978.00 2326 274178.00 07 0.559843685 0.254946407 -0.788401787 21393727.80556 21393750.68010 314.71 59.01 5.07459 8.35757 2.57449 11977110.931365 5454239.249627 -16866807.471486 1.16629
42 1407038978.00 2326 274178.00 08 -0.401121940 0.913940244 -0.061760995 22360491.31609 22360499.04713 110.53 32.08 7.28812 12.00313 4.14424 -8969283.223633 20436151.889152 -1381006.124451 1.88021
42 1407038978.00 2326 274178.00 09 0.303736881 0.741866527 -0.597810976 20139715.28918 20139734.21255 70.67 84.30 4.46501 7.35362 2.21891 6117165.488344 14940959.117085 -12039725.510321 1.00496
42 1407038978.00 2326 274178.00 14 0.833235039 0.294365802 0.468047161 24193887.04491 24193897.02289 217.50 15.81 11.94540 19.67342 7.98082 20159159.206839 7121840.525376 11323860.376000 3.64425
42 1407038978.00 2326 274178.00 16 -0.627599054 0.188655414 -0.755333411 23584685.86851 23584697.79624 42.50 18.65 8.69988 14.32822 6.82887 -14801722.933933 4449377.594786 -17814296.900440 3.11095
42 1407038978.00 2326 274178.00 20 0.581613217 -0.473408961 -0.661520991 24137406.91586 24137410.61326 309.93 15.76 10.89580 17.94478 8.00568 14038609.068865 -11426843.730187 -15967371.987766 3.65581
42 1407038978.00 2326 274178.00 27 -0.659484661 0.594505341 -0.460047152 22865126.56169 22865137.75202 73.17 25.37 7.90039 13.01150 5.12412 -15079200.300373 13593439.913705 -10519036.411115 2.32774
42 1407038978.00 2326 274178.00 30 0.882441143 -0.102532094 -0.459113057 22768992.78663 22769005.61749 282.50 32.72 7.83312 12.90071 4.07278 20092250.400948 -2334547.215971 -10453518.146228 1.84764
43 1407038979.00 2326 274179.00 04 -0.126159791 0.982848405 -0.134509184 21467690.79800 21467714.76268 120.72 46.99 5.76748 9.49872 3.01610 -2708356.171670 21099460.660110 -2887598.142523 1.36683
43 1407038979.00 2326 274179.00 07 0.559741029 0.254994107 -0.788459248 21393582.63472 21393605.50975 314.72 59.01 5.07423 8.35698 2.57441 11974833.489560 5455222.711887 -16867922.361622 1.16625
43 1407038979.00 2326 274179.00 08 -0.401139725 0.913923005 -0.061900423 22360153.31981 22360161.04886 110.52 32.08 7.28722 12.00164 4.14377 -8969545.326579 20435457.562025 -1384102.882654 1.88000
43 1407038979.00 2326 274179.00 09 0.303714358 0.741963870 -0.597701602 20139726.83781 20139745.76192 70.75 84.30 4.46486 7.35337 2.21892 6116715.398872 14942928.164394 -12037529.682889 1.00497
43 1407038979.00 2326 274179.00 14 0.833280577 0.294408880 0.467938982 24193240.08254 24193250.05750 217.50 15.82 11.94296 19.66939 7.97767 20159721.889981 7122692.301864 11320940.384101 3.64279
43 1407038979.00 2326 274179.00 16 -0.627666772 0.188567943 -0.755298983 23585368.70928 23585380.63658 42.50 18.65 8.70043 14.32912 6.83115 -14803748.665254 4447443.393071 -17814000.711797 3.11200
43 1407038979.00 2326 274179.00 20 0.581707843 -0.473360736 -0.661472297 24137127.85585 24137131.55273 309.93 15.76 10.89500 17.94346 8.00442 14040730.786477 -11425547.624829 -15966012.068792 3.65522
43 1407038979.00 2326 274179.00 27 -0.659484480 0.594423440 -0.460153230 22865111.97488 22865123.16630 73.16 25.37 7.90000 13.01085 5.12409 -15079186.577713 13591558.591893 -10521455.191813 2.32772
43 1407038979.00 2326 274179.00 30 0.882387959 -0.102495199 -0.459223502 22768613.44457 22768626.27724 282.50 32.72 7.83203 12.89893 4.07227 20090704.760056 -2333668.268978 -10455858.684615 1.84740
44 1407038980.00 2326 274180.00 04 -0.126176656 0.982866009 -0.134364655 21468086.56850 21468110.53367 120.73 46.99 5.76781 9.49927 3.01642 -2708768.168863 21100227.676699 -2884548.636463 1.36697
44 1407038980.00 2326 274180.00 07 0.559638366 0.255041815 -0.788516691 21393437.42106 21393460.29421 314.73 59.01 5.07387 8.35639 2.57433 11972555.976176 5456206.357649 -16869036.838722 1.16622
44 1407038980.00 2326 274180.00 08 -0.401157508 0.913905745 -0.062039850 22359815.34847 22359823.07916 110.51 32.09 7.28632 12.00016 4.14330 -8969807.424168 20434762.858627 -1387199.530872 1.87978
44 1407038980.00 2326 274180.00 09 0.303691840 0.742061196 -0.597592209 20139738.42050 20139757.34376 70.84 84.30 4.46470 7.35312 2.21892 6116265.456991 14944896.962464 -12035333.519132 1.00497
44 1407038980.00 2326 274180.00 14 0.833326107 0.294451950 0.467830790 24192593.07659 24192603.06109 217.51 15.83 11.94052 19.66537 7.97452 20160284.340701 7123543.812478 11318020.230603 3.64133
44 1407038980.00 2326 274180.00 16 -0.627734488 0.188480483 -0.755264536 23586051.52246 23586063.44689 42.50 18.64 8.70098 14.33002 6.83343 -14805774.475400 4445509.337335 -17813704.053596 3.11305
44 1407038980.00 2326 274180.00 20 0.581802465 -0.473312516 -0.661423581 24136848.83085 24136852.52787 309.92 15.77 10.89420 17.94214 8.00317 14042852.429117 -11424251.719798 -15964651.733243 3.65463
44 1407038980.00 2326 274180.00 27 -0.659484299 0.594341522 -0.460259291 22865097.44211 22865108.63455 73.15 25.37 7.89961 13.01021 5.12407 -15079172.919034 13589676.963372 -10523873.659629 2.32771
44 1407038980.00 2326 274180.00 30 0.882334762 -0.102458294 -0.459333938 22768234.06028 22768246.88961 282.51 32.73 7.83095 12.89715 4.07175 20089158.896564 -2332789.131306 -10458198.929452 1.84717
45 1407038981.00 2326 274181.00 04 -0.126193514 0.982883592 -0.134220124 21468482.34624 21468506.30979 120.73 46.98 5.76815 9.49982 3.01674 -2709180.051407 21100994.339399 -2881498.990506 1.36711
45 1407038981.00 2326 274181.00 07 0.559535699 0.255089533 -0.788574113 21393292.15869 21393315.03422 314.74 59.02 5.07351 8.35580 2.57425 11970278.391272 5457190.186909 -16870150.902763 1.16618
45 1407038981.00 2326 274181.00 08 -0.401175289 0.913888464 -0.062179276 22359477.39938 22359485.13267 110.50 32.09 7.28542 11.99868 4.14283 -8970069.516451 20434067.778969 -1390296.069040 1.87957
45 1407038981.00 2326 274181.00 09 0.303669329 0.742158506 -0.597482796 20139750.02869 20139768.95247 70.92 84.30 4.46455 7.35287 2.21893 6115815.662672 14946865.511239 -12033137.019098 1.00497
45 1407038981.00 2326 274181.00 14 0.833371630 0.294495010 0.467722584 24191946.03259 24191956.01706 217.51 15.83 11.93807 19.66134 7.97138 20160846.558951 7124395.057239 11315099.915570 3.63987
45 1407038981.00 2326 274181.00 16 -0.627802203 0.188393034 -0.755230070 23586734.30462 23586746.22862 42.50 18.63 8.70152 14.33092 6.83571 -14807800.364316 4443575.427622 -17813406.925847 3.11410
45 1407038981.00 2326 274181.00 20 0.581897085 -0.473264301 -0.661374844 24136569.83878 24136573.53548 309.92 15.77 10.89340 17.94082 8.00191 14044973.996722 -11422956.015104 -15963290.981146 3.65405
45 1407038981.00 2326 274181.00 27 -0.659484116 0.594259587 -0.460365336 22865082.96414 22865094.15922 73.14 25.37 7.89922 13.00957 5.12404 -15079159.324382 13587795.028182 -10526291.814509 2.32770
45 1407038981.00 2326 274181.00 30 0.882281553 -0.102421379 -0.459444364 22767854.61946 22767867.44825 282.52 32.73 7.82987 12.89537 4.07124 20087612.810522 -2331909.802935 -10460538.880692 1.84694
46 1407038982.00 2326 274182.00 04 -0.126210366 0.982901154 -0.134075592 21468878.21266 21468902.17554 120.74 46.97 5.76848 9.50037 3.01705 -2709591.819347 21101760.648180 -2878449.204715 1.36726
46 1407038982.00 2326 274182.00 07 0.559433025 0.255137259 -0.788631517 21393146.93170 21393169.80672 314.76 59.02 5.07316 8.35521 2.57417 11968000.734908 5458174.199662 -16871264.553723 1.16615
46 1407038982.00 2326 274182.00 08 -0.401193070 0.913871162 -0.062318701 22359139.55573 22359147.28874 110.49 32.10 7.28452 11.99720 4.14236 -8970331.603478 20433372.323061 -1393392.497089 1.87935
46 1407038982.00 2326 274182.00 09 0.303646823 0.742255800 -0.597373363 20139761.74725 20139780.67131 71.01 84.29 4.46440 7.35262 2.21893 6115366.015886 14948833.810669 -12030940.182833 1.00497
46 1407038982.00 2326 274182.00 14 0.833417143 0.294538062 0.467614366 24191299.02740 24191309.00746 217.51 15.84 11.93563 19.65732 7.96824 20161408.544685 7125246.036168 11312179.439063 3.63841
46 1407038982.00 2326 274182.00 16 -0.627869916 0.188305596 -0.755195585 23587417.13265 23587429.05602 42.50 18.63 8.70207 14.33182 6.83799 -14809826.331950 4441641.663977 -17813109.328559 3.11516
46 1407038982.00 2326 274182.00 20 0.581991700 -0.473216091 -0.661326086 24136290.96221 24136294.65958 309.91 15.77 10.89260 17.93950 8.00065 14047095.489226 -11421660.510756 -15961929.812531 3.65347
46 1407038982.00 2326 274182.00 27 -0.659483933 0.594177636 -0.460471366 22865068.62395 22865079.81917 73.13 25.37 7.89883 13.00893 5.12401 -15079145.793802 13585912.786365 -10528709.656401 2.32769
46 1407038982.00 2326 274182.00 30 0.882228331 -0.102384454 -0.459554780 22767475.21157 22767488.04035 282.52 32.74 7.82879 12.89359 4.07073 20086066.501983 -2331030.283847 -10462878.538284 1.84670
47 1407038983.00 2326 274183.00 04 -0.126227211 0.982918696 -0.133931058 21469274.38355 21469298.34802 120.75 46.97 5.76882 9.50092 3.01737 -2710003.472728 21102526.603013 -2875399.279157 1.36740
47 1407038983.00 2326 274183.00 07 0.559330347 0.255184994 -0.788688900 21393001.95648 21393024.83075 314.77 59.02 5.07280 8.35462 2.57410 11965723.007144 5459158.395903 -16872377.791578 1.16611
47 1407038983.00 2326 274183.00 08 -0.401210848 0.913853838 -0.062458125 22358802.03138 22358809.76399 110.48 32.10 7.28362 11.99572 4.14189 -8970593.685299 20432676.490914 -1396488.814951 1.87914
47 1407038983.00 2326 274183.00 09 0.303624323 0.742353077 -0.597263911 20139773.79197 20139792.71618 71.09 84.29 4.46425 7.35236 2.21894 6114916.516604 14950801.860698 -12028743.010386 1.00497
47 1407038983.00 2326 274183.00 14 0.833462649 0.294581104 0.467506135 24190652.27720 24190662.25551 217.52 15.85 11.93319 19.65330 7.96510 20161970.297855 7126096.749285 11309258.801143 3.63695
47 1407038983.00 2326 274183.00 16 -0.627937627 0.188218169 -0.755161080 23588100.22308 23588112.14692 42.50 18.62 8.70261 14.33272 6.84028 -14811852.378248 4439708.046445 -17812811.261740 3.11621
47 1407038983.00 2326 274183.00 20 0.582086313 -0.473167887 -0.661277306 24136012.41124 24136016.10823 309.90 15.77 10.89180 17.93819 7.99939 14049216.906568 -11420365.206764 -15960568.227426 3.65288
47 1407038983.00 2326 274183.00 27 -0.659483749 0.594095668 -0.460577379 22865054.63294 22865065.82395 73.12 25.37 7.89844 13.00829 5.12399 -15079132.327339 13584030.237961 -10531127.185250 2.32768
47 1407038983.00 2326 274183.00 30 0.882175097 -0.102347520 -0.459665186 22767096.04782 22767108.87837 282.53 32.74 7.82771 12.89181 4.07021 20084519.970999 -2330150.574024 -10465217.902180 1.84647
48 1407038984.00 2326 274184.00 04 -0.126244050 0.982936217 -0.133786522 21469670.65301 21469694.61671 120.76 46.96 5.76915 9.50147 3.01769 -2710415.011596 21103292.203869 -2872349.213896 1.36755
48 1407038984.00 2326 274184.00 07 0.559227663 0.255232739 -0.788746265 21392857.02293 21392879.89728 314.78 59.03 5.07244 8.35403 2.57402 11963445.208042 5460142.775629 -16873490.616306 1.16607
48 1407038984.00 2326 274184.00 08 -0.401228626 0.913836493 -0.062597548 22358464.61950 22358472.35207 110.48 32.10 7.28272 11.99424 4.14142 -8970855.761966 20431980.282538 -1399585.022558 1.87893
48 1407038984.00 2326 274184.00 09 0.303601829 0.742450339 -0.597154439 20139785.95144 20139804.87533 71.18 84.29 4.46409 7.35211 2.21894 6114467.164796 14952769.661275 -12026545.501803 1.00498
48 1407038984.00 2326 274184.00 14 0.833508146 0.294624138 0.467397890 24190005.57420 24190015.55777 217.52 15.85 11.93075 19.64928 7.96196 20162531.818415 7126947.196611 11306338.001872 3.63549
48 1407038984.00 2326 274184.00 16 -0.628005337 0.188130753 -0.755126556 23588783.37194 23588795.29668 42.50 18.61 8.70316 14.33362 6.84257 -14813878.503155 4437774.575070 -17812512.725398 3.11726
48 1407038984.00 2326 274184.00 20 0.582180922 -0.473119687 -0.661228505 24135733.98567 24135737.68241 309.90 15.78 10.89100 17.93687 7.99814 14051338.248683 -11419070.103137 -15959206.225858 3.65230
48 1407038984.00 2326 274184.00 27 -0.659483564 0.594013683 -0.460683376 22865040.78542 22865051.97892 73.11 25.37 7.89805 13.00765 5.12396 -15079118.925037 13582147.383012 -10533544.401003 2.32766
48 1407038984.00 2326 274184.00 30 0.882121850 -0.102310576 -0.459775583 22766716.92651 22766729.75742 282.54 32.74 7.82663 12.89003 4.06970 20082973.217621 -2329270.673445 -10467556.972332 1.84624
49 1407038985.00 2326 274185.00 04 -0.126260883 0.982953717 -0.133641985 21470066.99877 21470090.95891 120.77 46.95 5.76948 9.50202 3.01801 -2710826.435995 21104057.450718 -2869299.008999 1.36769
49 1407038985.00 2326 274185.00 07 0.559124974 0.255280492 -0.788803610 21392712.11165 21392734.98798 314.80 59.03 5.07208 8.35344 2.57394 11961167.337660 5461127.338834 -16874603.027883 1.16604
49 1407038985.00 2326 274185.00 08 -0.401246402 0.913819127 -0.062736970 22358127.30124 22358135.03466 110.47 32.11 7.28182 11.99276 4.14095 -8971117.833528 20431283.697944 -1402681.119842 1.87871
49 1407038985.00 2326 274185.00 09 0.303579341 0.742547584 -0.597044948 20139798.20910 20139817.13364 71.26 84.29 4.46394 7.35186 2.21895 6114017.960435 14954737.212346 -12024347.657133 1.00498
49 1407038985.00 2326 274185.00 14 0.833553635 0.294667162 0.467289632 24189358.89860 24189368.87590 217.52 15.86 11.92830 19.64525 7.95883 20163093.106318 7127797.378168 11303417.041312 3.63404
49 1407038985.00 2326 274185.00 16 -0.628073045 0.188043348 -0.755092014 23589466.55315 23589478.47818 42.50 18.61 8.70370 14.33452 6.84485 -14815904.706618 4435841.249895 -17812213.719543 3.11832
49 1407038985.00 2326 274185.00 20 0.582275527 -0.473071493 -0.661179683 24135455.65886 24135459.35721 309.89 15.78 10.89020 17.93555 7.99688 14053459.515508 -11417775.199884 -15957843.807855 3.65172
49 1407038985.00 2326 274185.00 27 -0.659483379 0.593931681 -0.460789356 22865027.06026 22865038.25575 73.11 25.37 7.89766 13.00700 5.12394 -15079105.586941 13580264.221556 -10535961.303606 2.32765
49 1407038985.00 2326 274185.00 30 0.882068592 -0.102273622 -0.459885971 22766337.82233 22766350.65771 282.54 32.75 7.82555 12.88825 4.06919 20081426.241901 -2328390.582094 -10469895.748692 1.84600
50 1407038986.00 2326 274186.00 04 -0.126277709 0.982971196 -0.133497446 21470463.43969 21470487.40344 120.77 46.95 5.76982 9.50257 3.01832 -2711237.745970 21104822.343531 -2866248.664529 1.36783
50 1407038986.00 2326 274186.00 07 0.559022279 0.255328254 -0.788860935 21392567.24509 21392590.12191 314.81 59.03 5.07173 8.35285 2.57386 11958889.396059 5462112.085515 -16875715.026287 1.16600
50 1407038986.00 2326 274186.00 08 -0.401264177 0.913801740 -0.062876391 22357790.09601 22357797.83080 110.46 32.11 7.28093 11.99128 4.14049 -8971379.900036 20430586.737143 -1405777.106736 1.87850
50 1407038986.00 2326 274186.00 09 0.303556858 0.742644813 -0.596935437 20139810.58912 20139829.51356 71.35 84.29 4.46379 7.35161 2.21895 6113568.903491 14956704.513858 -12022149.476421 1.00498
50 1407038986.00 2326 274186.00 14 0.833599116 0.294710177 0.467181362 24188712.26753 24188722.25534 217.52 15.87 11.92586 19.64124 7.95570 20163654.161516 7128647.293976 11300495.919524 3.63258
50 1407038986.00 2326 274186.00 16 -0.628140752 0.187955954 -0.755057452 23590149.79526 23590161.71976 42.50 18.60 8.70425 14.33542 6.84714 -14817930.988584 4433908.070966 -17811914.244182 3.11938
50 1407038986.00 2326 274186.00 20 0.582370129 -0.473023303 -0.661130840 24135177.45879 24135181.15728 309.88 15.78 10.88940 17.93424 7.99563 14055580.706979 -11416480.497015 -15956480.973448 3.65113
50 1407038986.00 2326 274186.00 27 -0.659483192 0.593849663 -0.460895321 22865013.48181 22865024.67765 73.10 25.37 7.89727 13.00636 5.12391 -15079092.313096 13578380.753636 -10538377.893006 2.32764
50 1407038986.00 2326 274186.00 30 0.882015320 -0.102236659 -0.459996348 22765958.75887 22765971.59342 282.55 32.75 7.82447 12.88647 4.06868 20079879.043891 -2327510.299950 -10472234.231209 1.84577
51 1407038987.00 2326 274187.00 04 -0.126294529 0.982988654 -0.133352905 21470859.90572 21470883.86897 120.78 46.94 5.77015 9.50312 3.01864 -2711648.941566 21105586.882278 -2863198.180553 1.36798
51 1407038987.00 2326 274187.00 07 0.558919579 0.255376025 -0.788918241 21392422.34617 21392445.22238 314.82 59.03 5.07137 8.35226 2.57378 11956611.383299 5463097.015666 -16876826.611494 1.16597
51 1407038987.00 2326 274187.00 08 -0.401281950 0.913784331 -0.063015811 22357452.92866 22357460.66407 110.45 32.12 7.28003 11.98980 4.14002 -8971641.961540 20429889.400144 -1408872.983171 1.87829
51 1407038987.00 2326 274187.00 09 0.303534382 0.742742025 -0.596825907 20139823.01063 20139841.93500 71.43 84.29 4.46364 7.35136 2.21896 6113119.993934 14958671.565759 -12019950.959715 1.00498
51 1407038987.00 2326 274187.00 14 0.833644589 0.294753183 0.467073078 24188065.61230 24188075.60229 217.53 15.87 11.92342 19.63722 7.95257 20164214.983963 7129496.944055 11297574.636569 3.63113
51 1407038987.00 2326 274187.00 16 -0.628208457 0.187868570 -0.755022870 23590833.01700 23590844.93985 42.50 18.60 8.70480 14.33631 6.84943 -14819957.348999 4431975.038328 -17811614.299326 3.12043
51 1407038987.00 2326 274187.00 20 0.582464727 -0.472975119 -0.661081975 24134899.30382 24134903.00229 309.88 15.78 10.88860 17.93292 7.99438 14057701.823033 -11415185.994539 -15955117.722662 3.65055
51 1407038987.00 2326 274187.00 27 -0.659483005 0.593767628 -0.461001270 22864999.96977 22865011.16425 73.09 25.38 7.89688 13.00572 5.12389 -15079079.103548 13576496.979293 -10540794.169150 2.32763
51 1407038987.00 2326 274187.00 30 0.881962037 -0.102199686 -0.460106716 22765579.66058 22765592.49860 282.56 32.76 7.82339 12.88469 4.06817 20078331.623642 -2326629.826995 -10474572.419836 1.84554
52 1407038988.00 2326 274188.00 04 -0.126311342 0.983006092 -0.133208363 21471256.33674 21471280.29982 120.79 46.93 5.77049 9.50367 3.01896 -2712060.022828 21106351.066930 -2860147.557136 1.36812
52 1407038988.00 2326 274188.00 07 0.558816873 0.255423804 -0.788975527 21392277.35801 21392300.23371 314.83 59.04 5.07101 8.35167 2.57370 11954333.299440 5464082.129284 -16877937.783482 1.16593
52 1407038988.00 2326 274188.00 08 -0.401299722 0.913766902 -0.063155230 22357115.74322 22357123.47902 110.44 32.12 7.27913 11.98832 4.13955 -8971904.018091 20429191.686958 -1411968.749081 1.87807
52 1407038988.00 2326 274188.00 09 0.303511911 0.742839222 -0.596716357 20139835.41843 20139854.34203 71.51 84.29 4.46348 7.35111 2.21896 6112671.231736 14960638.367994 -12017752.107064 1.00499
52 1407038988.00 2326 274188.00 14 0.833690053 0.294796180 0.466964782 24187418.87238 24187428.85937 217.53 15.88 11.92098 19.63320 7.94944 20164775.573611 7130346.328428 11294653.192511 3.62968
52 1407038988.00 2326 274188.00 16 -0.628276160 0.187781198 -0.754988270 23591516.15977 23591528.08106 42.50 18.59 8.70534 14.33721 6.85173 -14821983.787809 4430042.152023 -17811313.884982 3.12149
52 1407038988.00 2326 274188.00 20 0.582559322 -0.472926940 -0.661033090 24134621.14219 24134624.84022 309.87 15.79 10.88780 17.93161 7.99313 14059822.863606 -11413891.692466 -15953754.055527 3.64997
52 1407038988.00 2326 274188.00 27 -0.659482817 0.593685575 -0.461107202 22864986.47239 22864997.66576 73.08 25.38 7.89649 13.00508 5.12386 -15079065.958339 13574612.898567 -10543210.131984 2.32762
52 1407038988.00 2326 274188.00 30 0.881908741 -0.102162703 -0.460217074 22765200.46982 22765213.30780 282.56 32.76 7.82231 12.88292 4.06765 20076783.981207 -2325749.163210 -10476910.314523 1.84530
53 1407038989.00 2326 274189.00 04 -0.126328149 0.983023509 -0.133063819 21471652.83226 21471676.79392 120.80 46.93 5.77082 9.50423 3.01928 -2712470.989802 21107114.897458 -2857096.794344 1.36827
53 1407038989.00 2326 274189.00 07 0.558714162 0.255471593 -0.789032794 21392132.37822 21392155.25383 314.85 59.04 5.07065 8.35108 2.57362 11952055.144542 5465067.426364 -16879048.542228 1.16590
53 1407038989.00 2326 274189.00 08 -0.401317492 0.913749450 -0.063294649 22356778.63581 22356786.37309 110.44 32.12 7.27823 11.98685 4.13908 -8972166.069739 20428493.597596 -1415064.404397 1.87786
53 1407038989.00 2326 274189.00 09 0.303489446 0.742936402 -0.596606787 20139847.91187 20139866.83698 71.60 84.29 4.46333 7.35086 2.21896 6112222.616867 14962604.920511 -12015552.918513 1.00499
53 1407038989.00 2326 274189.00 14 0.833735509 0.294839168 0.466856472 24186772.14426 24186782.14283 217.53 15.89 11.91855 19.62918 7.94632 20165335.930414 7131195.447114 11291731.587410 3.62823
53 1407038989.00 2326 274189.00 16 -0.628343862 0.187693837 -0.754953651 23592199.32595 23592211.24523 42.50 18.58 8.70589 14.33811 6.85402 -14824010.304960 4428109.412097 -17811013.001159 3.12255
53 1407038989.00 2326 274189.00 20 0.582653913 -0.472878766 -0.660984183 24134343.06752 24134346.76655 309.86 15.79 10.88700 17.93029 7.99188 14061943.828634 -11412597.590805 -15952389.972072 3.64939
53 1407038989.00 2326 274189.00 27 -0.659482628 0.593603507 -0.461213118 22864973.08252 22864984.27667 73.07 25.38 7.89610 13.00445 5.12384 -15079052.877517 13572728.511499 -10545625.781454 2.32761
53 1407038989.00 2326 274189.00 30 0.881855432 -0.102125710 -0.460327423 22764821.28361 22764834.12213 282.57 32.77 7.82123 12.88114 4.06714 20075236.116637 -2324868.308577 -10479247.915223 1.84507
54 1407038990.00 2326 274190.00 04 -0.126344949 0.983040905 -0.132919273 21472049.52893 21472073.49242 120.80 46.92 5.77116 9.50478 3.01959 -2712881.842532 21107878.373832 -2854045.892241 1.36841
54 1407038990.00 2326 274190.00 07 0.558611446 0.255519391 -0.789090041 21391987.54895 21392010.42512 314.86 59.04 5.07030 8.35049 2.57355 11949776.918667 5466052.906901 -16880158.887709 1.16586
54 1407038990.00 2326 274190.00 08 -0.401335261 0.913731978 -0.063434066 22356441.74914 22356449.48598 110.43 32.13 7.27734 11.98537 4.13862 -8972428.116534 20427795.132069 -1418159.949050 1.87765
54 1407038990.00 2326 274190.00 09 0.303466987 0.743033566 -0.596497198 20139860.62814 20139879.55293 71.68 84.29 4.46318 7.35061 2.21897 6111774.149299 14964571.223257 -12013353.394110 1.00499
54 1407038990.00 2326 274190.00 14 0.833780957 0.294882147 0.466748149 24186125.57427 24186135.56817 217.54 15.89 11.91611 19.62517 7.94320 20165896.054325 7132044.300135 11288809.821327 3.62678
54 1407038990.00 2326 274190.00 16 -0.628411562 0.187606486 -0.754919012 23592882.65730 23592894.57522 42.50 18.58 8.70643 14.33901 6.85632 -14826036.900399 4426176.818594 -17810711.647865 3.12361
54 1407038990.00 2326 274190.00 20 0.582748501 -0.472830597 -0.660935254 24134065.22424 24134068.92390 309.86 15.79 10.88621 17.92898 7.99063 14064064.718054 -11411303.689565 -15951025.472323 3.64881
54 1407038990.00 2326 274190.00 27 -0.659482438 0.593521421 -0.461319019 22864959.94403 22864971.14131 73.06 25.38 7.89572 13.00381 5.12381 -15079039.861124 13570843.818129 -10548041.117506 2.32760
54 1407038990.00 2326 274190.00 30 0.881802111 -0.102088708 -0.460437761 22764442.24470 22764455.08421 282.58 32.77 7.82016 12.87936 4.06663 20073688.029984 -2323987.263077 -10481585.221886 1.84484
55 1407038991.00 2326 274191.00 04 -0.126361743 0.983058280 -0.132774726 21472446.35614 21472470.31889 120.81 46.91 5.77149 9.50533 3.01991 -2713292.581063 21108641.496024 -2850994.850892 1.36856
55 1407038991.00 2326 274191.00 07 0.558508724 0.255567197 -0.789147269 21391842.79504 21391865.67017 314.87 59.05 5.06994 8.34991 2.57347 11947498.621872 5467038.570891 -16881268.819902 1.16582
55 1407038991.00 2326 274191.00 08 -0.401353029 0.913714484 -0.063573482 22356105.00652 22356112.74442 110.42 32.13 7.27644 11.98389 4.13815 -8972690.158528 20427096.290386 -1421255.382974 1.87744
55 1407038991.00 2326 274191.00 09 0.303444534 0.743130714 -0.596387590 20139873.49455 20139892.41810 71.77 84.28 4.46303 7.35036 2.21897 6111325.829002 14966537.276179 -12011153.533904 1.00499
55 1407038991.00 2326 274191.00 14 0.833826397 0.294925117 0.466639813 24185479.08516 24185489.07801 217.54 15.90 11.91367 19.62115 7.94008 20166455.945297 7132892.887512 11285887.894325 3.62533
55 1407038991.00 2326 274191.00 16 -0.628479261 0.187519147 -0.754884354 23593566.07600 23593577.99434 42.49 18.57 8.70698 14.33990 6.85861 -14828063.574072 4424244.371558 -17810409.825111 3.12467
55 1407038991.00 2326 274191.00 20 0.582843086 -0.472782434 -0.660886305 24133787.53245 24133791.23071 309.85 15.79 10.88541 17.92766 7.98938 14066185.531802 -11410009.988756 -15949660.556311 3.64823
55 1407038991.00 2326 274191.00 27 -0.659482247 0.593439319 -0.461424903 22864946.98176 22864958.17959 73.05 25.38 7.89533 13.00317 5.12379 -15079026.909206 13568958.818499 -10550456.140089 2.32759
55 1407038991.00 2326 274191.00 30 0.881748778 -0.102051696 -0.460548090 22764063.28133 22764076.11980 282.58 32.78 7.81908 12.87759 4.06612 20072139.721301 -2323106.026690 -10483922.234463 1.84460
56 1407038992.00 2326 274192.00 04 -0.126378531 0.983075634 -0.132630177 21472843.22407 21472867.18810 120.82 46.91 5.77183 9.50588 3.02023 -2713703.205440 21109404.264004 -2847943.670365 1.36870
56 1407038992.00 2326 274192.00 07 0.558405997 0.255615013 -0.789204478 21391698.02648 21391720.90251 314.89 59.05 5.06958 8.34932 2.57339 11945220.254220 5468024.418329 -16882378.338784 1.16579
56 1407038992.00 2326 274192.00 08 -0.401370795 0.913696969 -0.063712897 22355768.31984 22355776.06000 110.41 32.14 7.27554 11.98242 4.13768 -8972952.195771 20426397.072560 -1424350.706101 1.87722
56 1407038992.00 2326 274192.00 09 0.303422086 0.743227845 -0.596277962 20139886.42186 20139905.34603 71.85 84.28 4.46288 7.35011 2.21898 6110877.655948 14968503.079224 -12008953.337940 1.00499
56 1407038992.00 2326 274192.00 14 0.833871828 0.294968078 0.466531465 24184832.59015 24184842.57490 217.54 15.91 11.91123 19.61714 7.93696 20167015.603282 7133741.209265 11282965.806465 3.62388
56 1407038992.00 2326 274192.00 16 -0.628546957 0.187431818 -0.754849678 23594249.49013 23594261.40809 42.49 18.56 8.70752 14.34080 6.86091 -14830090.325926 4422312.071034 -17810107.532903 3.12573
56 1407038992.00 2326 274192.00 20 0.582937667 -0.472734275 -0.660837334 24133509.90763 24133513.60614 309.84 15.80 10.88461 17.92635 7.98813 14068306.269815 -11408716.488387 -15948295.224062 3.64765
56 1407038992.00 2326 274192.00 27 -0.659482056 0.593357199 -0.461530771 22864934.10644 22864945.30139 73.05 25.38 7.89494 13.00253 5.12376 -15079014.021809 13567073.512650 -10552870.849147 2.32757
56 1407038992.00 2326 274192.00 30 0.881695432 -0.102014674 -0.460658410 22763684.29722 22763697.13731 282.59 32.78 7.81800 12.87581 4.06561 20070591.190638 -2322224.599399 -10486258.952907 1.84437
57 1407038993.00 2326 274193.00 04 -0.126395312 0.983092968 -0.132485627 21473240.14453 21473264.10712 120.83 46.90 5.77217 9.50644 3.02055 -2714113.715709 21110166.677742 -2844892.350722 1.36884
57 1407038993.00 2326 274193.00 07 0.558303265 0.255662837 -0.789261667 21391553.25582 21391576.13046 314.90 59.05 5.06922 8.34873 2.57331 11942941.815769 5469010.449211 -16883487.444332 1.16575
57 1407038993.00 2326 274193.00 08 -0.401388560 0.913679433 -0.063852311 22355431.70186 22355439.44029 110.40 32.14 7.27465 11.98094 4.13722 -8973214.228312 20425697.478599 -1427445.918362 1.87701
57 1407038993.00 2326 274193.00 09 0.303399645 0.743324960 -0.596168315 20139899.42319 20139918.34796 71.94 84.28 4.46272 7.34986 2.21898 6110429.630106 14970468.632339 -12006752.806266 1.00500
57 1407038993.00 2326 274193.00 14 0.833917251 0.295011029 0.466423103 24184186.09591 24184196.07913 217.54 15.91 11.90879 19.61312 7.93385 20167575.028234 7134589.265416 11280043.557810 3.62243
57 1407038993.00 2326 274193.00 16 -0.628614653 0.187344501 -0.754814982 23594932.91511 23594944.83552 42.49 18.56 8.70806 14.34170 6.86321 -14832117.155906 4420379.917065 -17809804.771252 3.12679
57 1407038993.00 2326 274193.00 20 0.583032244 -0.472686122 -0.660788342 24133232.35931 24133236.05923 309.84 15.80 10.88381 17.92504 7.98688 14070426.932029 -11407423.188467 -15946929.475606 3.64707
57 1407038993.00 2326 274193.00 27 -0.659481863 0.593275063 -0.461636622 22864921.32856 22864932.52795 73.04 25.38 7.89455 13.00189 5.12374 -15079001.198975 13565187.900622 -10555285.244627 2.32756
57 1407038993.00 2326 274193.00 30 0.881642074 -0.101977643 -0.460768720 22763305.30722 22763318.14726 282.60 32.79 7.81692 12.87403 4.06510 20069042.438047 -2321342.981185 -10488595.377168 1.84414
58 1407038994.00 2326 274194.00 04 -0.126412087 0.983110281 -0.132341075 21473637.20941 21473661.17072 120.84 46.89 5.77250 9.50699 3.02087 -2714524.111914 21110928.737210 -2841840.892031 1.36899
58 1407038994.00 2326 274194.00 07 0.558200527 0.255710670 -0.789318836 21391408.57593 21391431.45438 314.91 59.06 5.06887 8.34814 2.57323 11940663.306581 5469996.663533 -16884596.136523 1.16572
58 1407038994.00 2326 274194.00 08 -0.401406323 0.913661876 -0.063991723 22355095.24754 22355102.98421 110.39 32.14 7.27375 11.97946 4.13675 -8973476.256203 20424997.508516 -1430541.019690 1.87680
58 1407038994.00 2326 274194.00 09 0.303377209 0.743422059 -0.596058647 20139912.59102 20139931.51522 72.02 84.28 4.46257 7.34961 2.21899 6109981.751448 14972433.935471 -12004551.938930 1.00500
58 1407038994.00 2326 274194.00 14 0.833962666 0.295053972 0.466314728 24183539.69395 24183549.68055 217.55 15.92 11.90636 19.60911 7.93073 20168134.220106 7135437.055985 11277121.148420 3.62099
58 1407038994.00 2326 274194.00 16 -0.628682346 0.187257194 -0.754780267 23595616.44209 23595628.36356 42.49 18.55 8.70861 14.34260 6.86551 -14834144.063959 4418447.909697 -17809501.540165 3.12786
58 1407038994.00 2326 274194.00 20 0.583126818 -0.472637974 -0.660739328 24132954.98245 24132958.68254 309.83 15.80 10.88302 17.92372 7.98563 14072547.518381 -11406130.089005 -15945563.310970 3.64649
58 1407038994.00 2326 274194.00 27 -0.659481670 0.593192911 -0.461742458 22864908.74288 22864919.93963 73.03 25.38 7.89417 13.00125 5.12372 -15078988.440751 13563301.982457 -10557699.326477 2.32755
58 1407038994.00 2326 274194.00 30 0.881588704 -0.101940602 -0.460879020 22762926.40684 22762939.24561 282.60 32.79 7.81584 12.87226 4.06459 20067493.463581 -2320461.172029 -10490931.507198 1.84390
59 1407038995.00 2326 274195.00 04 -0.126428856 0.983127573 -0.132196521 21474034.41150 21474058.37327 120.84 46.89 5.77284 9.50754 3.02118 -2714934.394100 21111690.442378 -2838789.294356 1.36913
59 1407038995.00 2326 274195.00 07 0.558097784 0.255758513 -0.789375986 21391263.97806 21391286.85449 314.93 59.06 5.06851 8.34755 2.57315 11938384.726714 5470983.061289 -16885704.415335 1.16568
59 1407038995.00 2326 274195.00 08 -0.401424085 0.913644297 -0.064131135 22354758.94012 22354766.67929 110.39 32.15 7.27285 11.97799 4.13629 -8973738.279494 20424297.162319 -1433636.010017 1.87659
59 1407038995.00 2326 274195.00 09 0.303354779 0.743519142 -0.595948961 20139925.91643 20139944.84072 72.10 84.28 4.46242 7.34936 2.21899 6109534.019946 14974398.988567 -12002350.735980 1.00500
59 1407038995.00 2326 274195.00 14 0.834008073 0.295096906 0.466206340 24182893.38048 24182903.37037 217.55 15.93 11.90392 19.60510 7.92763 20168693.178851 7136284.580993 11274198.578357 3.61954
59 1407038995.00 2326 274195.00 16 -0.628750038 0.187169899 -0.754745532 23596300.06744 23596311.99100 42.49 18.54 8.70915 14.34349 6.86782 -14836171.050031 4416516.048973 -17809197.839652 3.12892
59 1407038995.00 2326 274195.00 20 0.583221388 -0.472589831 -0.660690294 24132677.76601 24132681.46556 309.83 15.81 10.88222 17.92241 7.98439 14074668.028806 -11404837.190012 -15944196.730183 3.64591
59 1407038995.00 2326 274195.00 27 -0.659481476 0.593110741 -0.461848277 22864896.33968 22864907.53568 73.02 25.38 7.89378 13.00062 5.12370 -15078975.747181 13561415.758194 -10560113.094642 2.32754
59 1407038995.00 2326 274195.00 30 0.881535321 -0.101903551 -0.460989310 22762547.58086 22762560.41966 282.61 32.80 7.81476 12.87048 4.06408 20065944.267292 -2319579.171912 -10493267.342947 1.84367
60 1407038996.00 2326 274196.00 04 -0.126445618 0.983144844 -0.132051966 21474431.62120 21474455.58438 120.85 46.88 5.77317 9.50809 3.02150 -2715344.562313 21112451.793216 -2835737.557763 1.36928
60 1407038996.00 2326 274196.00 07 0.557995035 0.255806364 -0.789433116 21391119.33490 21391142.21163 314.94 59.06 5.06815 8.34697 2.57307 11936106.076230 5471969.642475 -16886812.280745 1.16565
60 1407038996.00 2326 274196.00 08 -0.401441846 0.913626697 -0.064270546 22354422.66010 22354430.39782 110.38 32.15 7.27196 11.97651 4.13582 -8974000.298235 20423596.440021 -1436730.889276 1.87637
60 1407038996.00 2326 274196.00 09 0.303332354 0.743616208 -0.595839255 20139939.27075 20139958.19456 72.19 84.28 4.46227 7.34911 2.21900 6109086.435568 14976363.791573 -12000149.197461 1.00500
60 1407038996.00 2326 274196.00 14 0.834053471 0.295139830 0.466097939 24182247.02724 24182257.02185 217.55 15.93 11.90149 19.60109 7.92452 20169251.904422 7137131.840463 11271275.847682 3.61810
60 1407038996.00 2326 274196.00 16 -0.628817728 0.187082614 -0.754710779 23596983.66026 23596995.58302 42.49 18.54 8.70970 14.34439 6.87012 -14838198.114068 4414584.334938 -17808893.669721 3.12998
60 1407038996.00 2326 274196.00 20 0.583315955 -0.472541693 -0.660641238 24132400.58496 24132404.28570 309.82 15.81 10.88142 17.92110 7.98314 14076788.463242 -11403544.491495 -15942829.733274 3.64533
60 1407038996.00 2326 274196.00 27 -0.659481281 0.593028555 -0.461954081 22864883.99415 22864895.19352 73.01 25.38 7.89339 12.99998 5.12367 -15078963.118310 13559529.227876 -10562526.549069 2.32753
60 1407038996.00 2326 274196.00 30 0.881481926 -0.101866490 -0.461099590 22762168.70922 22762181.54878 282.62 32.80 7.81369 12.86871 4.06357 20064394.849231 -2318696.980815 -10495602.884368 1.84344
61 1407038997.00 2326 274197.00 04 -0.126462373 0.983162094 -0.131907409 21474828.90321 21474852.86532 120.86 46.88 5.77351 9.50865 3.02182 -2715754.616597 21113212.789697 -2832685.682317 1.36942
61 1407038997.00 2326 274197.00 07 0.557892281 0.255854224 -0.789490227 21390974.70886 21390997.58732 314.95 59.06 5.06780 8.34638 2.57300 11933827.355189 5472956.407086 -16887919.732729 1.16561
61 1407038997.00 2326 274197.00 08 -0.401459605 0.913609076 -0.064409956 22354086.46762 22354094.20817 110.37 32.16 7.27106 11.97504 4.13535 -8974262.312476 20422895.341632 -1439825.657397 1.87616
61 1407038997.00 2326 274197.00 09 0.303309936 0.743713258 -0.595729529 20139952.71565 20139971.63923 72.27 84.28 4.46212 7.34886 2.21900 6108638.998288 14978328.344438 -11997947.323423 1.00501
61 1407038997.00 2326 274197.00 14 0.834098861 0.295182746 0.465989525 24181600.69379 24181610.69092 217.56 15.94 11.89905 19.59708 7.92141 20169810.396772 7137978.834413 11268352.956459 3.61666
61 1407038997.00 2326 274197.00 16 -0.628885417 0.186995341 -0.754676007 23597667.27801 23597679.19825 42.49 18.53 8.71024 14.34528 6.87243 -14840225.256017 4412652.767636 -17808589.030381 3.13105
61 1407038997.00 2326 274197.00 20 0.583410519 -0.472493560 -0.660592161 24132123.49696 24132127.19692 309.81 15.81 10.88063 17.91979 7.98190 14078908.821624 -11402251.993466 -15941462.320270 3.64475
61 1407038997.00 2326 274197.00 27 -0.659481086 0.592946352 -0.462059868 22864871.76412 22864882.96272 73.00 25.38 7.89301 12.99934 5.12365 -15078950.554183 13557642.391543 -10564939.689705 2.32752
61 1407038997.00 2326 274197.00 30 0.881428518 -0.101829420 -0.461209861 22761789.84651 22761802.68742 282.62 32.81 7.81261 12.86693 4.06306 20062845.209449 -2317814.598721 -10497938.131412 1.84321
62 1407038998.00 2326 274198.00 04 -0.126479123 0.983179324 -0.131762850 21475226.27865 21475250.24053 120.87 46.87 5.77384 9.50920 3.02214 -2716164.556998 21113973.431790 -2829633.668084 1.36957
62 1407038998.00 2326 274198.00 07 0.557789522 0.255902093 -0.789547318 21390830.12336 21390853.00160 314.96 59.07 5.06744 8.34579 2.57292 11931548.563650 5473943.355118 -16889026.771265 1.16558
62 1407038998.00 2326 274198.00 08 -0.401477363 0.913591433 -0.064549365 22353750.38189 22353758.12109 110.36 32.16 7.27017 11.97356 4.13489 -8974524.322269 20422193.867163 -1442920.314315 1.87595
62 1407038998.00 2326 274198.00 09 0.303287523 0.743810292 -0.595619784 20139966.27740 20139985.20114 72.36 84.27 4.46197 7.34861 2.21901 6108191.708074 14980292.647107 -11995745.113912 1.00501
62 1407038998.00 2326 274198.00 14 0.834144242 0.295225652 0.465881098 24180954.40487 24180964.40858 217.56 15.95 11.89662 19.59307 7.91831 20170368.655854 7138825.562866 11265429.904748 3.61522
62 1407038998.00 2326 274198.00 16 -0.628953104 0.186908078 -0.754641215 23598350.95018 23598362.87062 42.49 18.52 8.71079 14.34618 6.87474 -14842252.475824 4410721.347111 -17808283.921641 3.13211
62 1407038998.00 2326 274198.00 20 0.583505078 -0.472445432 -0.660543062 24131846.52961 24131850.22953 309.81 15.81 10.87983 17.91848 7.98066 14081029.103890 -11400959.695931 -15940094.491201 3.64418
62 1407038998.00 2326 274198.00 27 -0.659480889 0.592864132 -0.462165639 22864859.67548 22864870.87356 73.00 25.38 7.89262 12.99871 5.12363 -15078938.054843 13555755.249236 -10567352.516496 2.32751
62 1407038998.00 2326 274198.00 30 0.881375099 -0.101792340 -0.461320122 22761411.02663 22761423.86538 282.63 32.81 7.81153 12.86516 4.06255 20061295.348000 -2316932.025610 -10500273.084030 1.84297
63 1407038999.00 2326 274199.00 04 -0.126495865 0.983196533 -0.131618290 21475623.64097 21475647.60329 120.88 46.86 5.77418 9.50976 3.02246 -2716574.383561 21114733.719466 -2826581.515128 1.36971
63 1407038999.00 2326 274199.00 07 0.557686758 0.255949971 -0.789604390 21390685.47069 21390708.34921 314.98 59.07 5.06708 8.34520 2.57284 11929269.701674 5474930.486567 -16890133.396331 1.16554
63 1407038999.00 2326 274199.00 08 -0.401495119 0.913573769 -0.064688772 22353414.30169 22353422.04109 110.35 32.16 7.26927 11.97209 4.13442 -8974786.327664 20421492.016623 -1446014.859960 1.87574
63 1407038999.00 2326 274199.00 09 0.303265117 0.743907310 -0.595510020 20139979.84562 20139998.76987 72.44 84.27 4.46181 7.34836 2.21902 6107744.564898 14982256.699529 -11993542.568975 1.00501
63 1407038999.00 2326 274199.00 14 0.834189616 0.295268550 0.465772658 24180308.05429 24180318.06421 217.56 15.95 11.89419 19.58906 7.91521 20170926.681622 7139672.025843 11262506.692610 3.61378
63 1407038999.00 2326 274199.00 16 -0.629020789 0.186820826 -0.754606405 23599034.57021 23599046.48804 42.49 18.52 8.71133 14.34708 6.87705 -14844279.773435 4408790.073407 -17807978.343509 3.13318
63 1407038999.00 2326 274199.00 20 0.583599635 -0.472397310 -0.660493943 24131569.57634 24131573.27825 309.80 15.82 10.87903 17.91716 7.97941 14083149.309975 -11399667.598902 -15938726.246094 3.64360
63 1407038999.00 2326 274199.00 27 -0.659480692 0.592781896 -0.462271393 22864847.62033 22864858.81956 72.99 25.38 7.89223 12.99807 5.12361 -15078925.620337 13553867.800995 -10569765.029388 2.32750
63 1407038999.00 2326 274199.00 30 0.881321666 -0.101755250 -0.461430374 22761032.13424 22761044.96935 282.64 32.82 7.81045 12.86338 4.06204 20059745.264934 -2316049.261463 -10502607.742173 1.84274
64 1407039000.00 2326 274200.00 04 -0.126512602 0.983213721 -0.131473728 21476021.08168 21476045.04077 120.88 46.86 5.77452 9.51031 3.02278 -2716984.096330 21115493.652696 -2823529.223515 1.36986
64 1407039000.00 2326 274200.00 07 0.557583988 0.255997857 -0.789661442 21390540.84123 21390563.71929 314.99 59.07 5.06672 8.34461 2.57276 11926990.769320 5475917.801427 -16891239.607902 1.16550
64 1407039000.00 2326 274200.00 08 -0.401512874 0.913556084 -0.064828179 22353078.31377 22353086.05389 110.34 32.17 7.26838 11.97062 4.13396 -8975048.328710 20420789.790025 -1449109.294265 1.87552
64 1407039000.00 2326 274200.00 09 0.303242716 0.744004311 -0.595400236 20139993.51259 20140012.43727 72.53 84.27 4.46166 7.34811 2.21902 6107297.568732 14984220.501650 -11991339.688660 1.00501
64 1407039000.00 2326 274200.00 14 0.834234981 0.295311438 0.465664205 24179661.73436 24179671.74793 217.56 15.96 11.89175 19.58506 7.91212 20171484.474027 7140518.223363 11259583.320109 3.61234
64 1407039000.00 2326 274200.00 16 -0.629088473 0.186733585 -0.754571575 23599718.22488 23599730.14112 42.49 18.51 8.71187 14.34797 6.87936 -14846307.148797 4406858.946569 -17807672.295996 3.13425
64 1407039000.00 2326 274200.00 20 0.583694187 -0.472349192 -0.660444802 24131292.72545 24131296.42733 309.79 15.82 10.87824 17.91585 7.97817 14085269.439816 -11398375.702387 -15937357.584977 3.64302
64 1407039000.00 2326 274200.00 27 -0.659480494 0.592699643 -0.462377132 22864835.68830 22864846.88914 72.98 25.38 7.89185 12.99743 5.12358 -15078913.250708 13551980.046863 -10572177.228329 2.32749
64 1407039000.00 2326 274200.00 30 0.881268221 -0.101718150 -0.461540615 22760653.26260 22760666.09773 282.64 32.82 7.80938 12.86161 4.06153 20058194.960304 -2315166.306262 -10504942.105793 1.84251
65 1407039001.00 2326 274201.00 04 -0.126529332 0.983230888 -0.131329165 21476418.58558 21476442.54492 120.89 46.85 5.77485 9.51086 3.02310 -2717393.695352 21116253.231451 -2820476.793311 1.37000
65 1407039001.00 2326 274201.00 07 0.557481212 0.256045753 -0.789718475 21390396.22185 21390419.09962 315.00 59.08 5.06637 8.34403 2.57268 11924711.766650 5476905.299694 -16892345.405957 1.16547
65 1407039001.00 2326 274201.00 08 -0.401530628 0.913538378 -0.064967584 22352742.40387 22352750.14704 110.34 32.17 7.26748 11.96914 4.13349 -8975310.325459 20420087.187378 -1452203.617162 1.87531
65 1407039001.00 2326 274201.00 09 0.303220321 0.744101296 -0.595290432 20140007.26539 20140026.18990 72.61 84.27 4.46151 7.34786 2.21903 6106850.719544 14986184.053417 -11989136.473015 1.00501
65 1407039001.00 2326 274201.00 14 0.834280338 0.295354317 0.465555739 24179015.43040 24179025.44728 217.57 15.97 11.88932 19.58105 7.90902 20172042.033025 7141364.155450 11256659.787304 3.61090
65 1407039001.00 2326 274201.00 16 -0.629156155 0.186646356 -0.754536726 23600401.90333 23600413.82033 42.49 18.50 8.71242 14.34887 6.88167 -14848334.601855 4404927.966641 -17807365.779108 3.13531
65 1407039001.00 2326 274201.00 20 0.583788737 -0.472301080 -0.660395640 24131015.96209 24131019.66385 309.79 15.82 10.87744 17.91454 7.97693 14087389.493349 -11397084.006395 -15935988.507881 3.64245
65 1407039001.00 2326 274201.00 27 -0.659480295 0.592617373 -0.462482854 22864823.86722 22864835.06666 72.97 25.38 7.89146 12.99680 5.12356 -15078900.946002 13550091.986880 -10574589.113265 2.32748
65 1407039001.00 2326 274201.00 30 0.881214764 -0.101681041 -0.461650847 22760274.39247 22760287.23027 282.65 32.82 7.80830 12.85983 4.06102 20056644.434162 -2314283.159989 -10507276.174842 1.84228
66 1407039002.00 2326 274202.00 04 -0.126546056 0.983248034 -0.131184600 21476816.16730 21476840.12820 120.90 46.84 5.77519 9.51142 3.02342 -2717803.180670 21117012.455702 -2817424.224581 1.37015
66 1407039002.00 2326 274202.00 07 0.557378432 0.256093658 -0.789775489 21390251.62474 21390274.50242 315.02 59.08 5.06601 8.34344 2.57260 11922432.693723 5477892.981364 -16893450.790473 1.16543
66 1407039002.00 2326 274202.00 08 -0.401548380 0.913520650 -0.065106989 22352406.59274 22352414.33445 110.33 32.18 7.26659 11.96767 4.13303 -8975572.317961 20419384.208693 -1455297.828583 1.87510
66 1407039002.00 2326 274202.00 09 0.303197931 0.744198264 -0.595180609 20140021.11905 20140040.04412 72.69 84.27 4.46136 7.34761 2.21903 6106404.017308 14988147.354777 -11986932.922086 1.00502
66 1407039002.00 2326 274202.00 14 0.834325686 0.295397187 0.465447259 24178369.15442 24178379.16641 217.57 15.97 11.88689 19.57705 7.90593 20172599.358567 7142209.822123 11253736.094259 3.60947
66 1407039002.00 2326 274202.00 16 -0.629223835 0.186559137 -0.754501858 23601085.61660 23601097.53251 42.49 18.50 8.71296 14.34976 6.88399 -14850362.132555 4402997.133667 -17807058.792856 3.13638
66 1407039002.00 2326 274202.00 20 0.583883282 -0.472252973 -0.660346456 24130739.30225 24130743.00294 309.78 15.82 10.87665 17.91323 7.97569 14089509.470511 -11395792.510936 -15934619.014831 3.64187
66 1407039002.00 2326 274202.00 27 -0.659480095 0.592535086 -0.462588560 22864812.17211 22864823.36897 72.96 25.38 7.89108 12.99616 5.12354 -15078888.706263 13548203.621086 -10577000.684142 2.32747
66 1407039002.00 2326 274202.00 30 0.881161295 -0.101643922 -0.461761070 22759895.54404 22759908.38503 282.66 32.83 7.80722 12.85806 4.06051 20055093.686559 -2313399.822625 -10509609.949269 1.84204
67 1407039003.00 2326 274203.00 04 -0.126562773 0.983265160 -0.131040033 21477213.86853 21477237.82968 120.91 46.84 5.77553 9.51197 3.02374 -2718212.552330 21117771.325420 -2814371.517391 1.37029
67 1407039003.00 2326 274203.00 07 0.557275646 0.256141571 -0.789832482 21390107.09633 21390129.97458 315.03 59.08 5.06565 8.34285 2.57253 11920153.550600 5478880.846431 -16894555.761426 1.16540
67 1407039003.00 2326 274203.00 08 -0.401566131 0.913502901 -0.065246392 22352070.91481 22352078.65959 110.32 32.18 7.26570 11.96620 4.13257 -8975834.306266 20418680.853982 -1458391.928461 1.87489
67 1407039003.00 2326 274203.00 09 0.303175548 0.744295217 -0.595070767 20140035.11124 20140054.03608 72.78 84.27 4.46121 7.34736 2.21904 6105957.461992 14990110.405678 -11984729.035922 1.00502
67 1407039003.00 2326 274203.00 14 0.834371026 0.295440048 0.465338767 24177722.95342 24177732.96539 217.57 15.98 11.88446 19.57304 7.90284 20173156.450606 7143055.223404 11250812.241034 3.60803
67 1407039003.00 2326 274203.00 16 -0.629291514 0.186471929 -0.754466971 23601769.40961 23601781.32552 42.49 18.49 8.71350 14.35066 6.88630 -14852389.740845 4401066.447691 -17806751.337247 3.13745
67 1407039003.00 2326 274203.00 20 0.583977824 -0.472204871 -0.660297252 24130462.78894 24130466.48977 309.77 15.83 10.87585 17.91192 7.97445 14091629.371239 -11394501.216019 -15933249.105858 3.64130
67 1407039003.00 2326 274203.00 27 -0.659479895 0.592452782 -0.462694250 22864800.64198 22864811.84271 72.95 25.38 7.89069 12.99553 5.12352 -15078876.531535 13546314.949524 -10579411.940907 2.32746
67 1407039003.00 2326 274203.00 30 0.881107813 -0.101606794 -0.461871282 22759516.75708 22759529.60353 282.66 32.83 7.80615 12.85629 4.06000 20053542.717548 -2312516.294151 -10511943.429028 1.84181
68 1407039004.00 2326 274204.00 04 -0.126579484 0.983282264 -0.130895465 21477611.67556 21477635.63616 120.91 46.83 5.77586 9.51253 3.02405 -2718621.810377 21118529.840575 -2811318.671805 1.37044
68 1407039004.00 2326 274204.00 07 0.557172854 0.256189494 -0.789889457 21389962.61682 21389985.49631 315.04 59.08 5.06530 8.34226 2.57245 11917874.337340 5479868.894891 -16895660.318794 1.16536
68 1407039004.00 2326 274204.00 08 -0.401583881 0.913485131 -0.065385794 22351735.35905 22351743.10147 110.31 32.19 7.26480 11.96473 4.13210 -8976096.290425 20417977.123254 -1461485.916728 1.87468
68 1407039004.00 2326 274204.00 09 0.303153170 0.744392153 -0.594960905 20140049.22940 20140068.15380 72.86 84.27 4.46106 7.34711 2.21904 6105511.053568 14992073.206066 -11982524.814569 1.00502
68 1407039004.00 2326 274204.00 14 0.834416358 0.295482900 0.465230262 24177076.80341 24177086.81127 217.58 15.98 11.88203 19.56904 7.89975 20173713.309097 7143900.359313 11247888.227692 3.60660
68 1407039004.00 2326 274204.00 16 -0.629359191 0.186384732 -0.754432065 23602453.26808 23602465.18472 42.49 18.48 8.71405 14.35155 6.88862 -14854417.426670 4399135.908758 -17806443.412292 3.13852
68 1407039004.00 2326 274204.00 20 0.584072363 -0.472156774 -0.660248026 24130186.40389 24130190.10481 309.77 15.83 10.87506 17.91062 7.97322 14093749.195468 -11393210.121652 -15931878.780990 3.64072
68 1407039004.00 2326 274204.00 27 -0.659479693 0.592370462 -0.462799924 22864789.26561 22864800.46616 72.94 25.38 7.89030 12.99489 5.12350 -15078864.421864 13544425.972233 -10581822.883508 2.32745
68 1407039004.00 2326 274204.00 30 0.881054319 -0.101569655 -0.461981485 22759138.02359 22759150.86623 282.67 32.84 7.80507 12.85452 4.05949 20051991.527179 -2311632.574548 -10514276.614069 1.84158
69 1407039005.00 2326 274205.00 04 -0.126596189 0.983299348 -0.130750896 21478009.65899 21478033.61872 120.92 46.82 5.77620 9.51308 3.02437 -2719030.954857 21119288.001138 -2808265.687889 1.37058
69 1407039005.00 2326 274205.00 07 0.557070058 0.256237425 -0.789946411 21389818.26005 21389841.13892 315.06 59.09 5.06494 8.34168 2.57237 11915595.054003 5480857.126739 -16896764.462555 1.16533
69 1407039005.00 2326 274205.00 08 -0.401601629 0.913467339 -0.065525196 22351399.99283 22351407.73628 110.30 32.19 7.26391 11.96325 4.13164 -8976358.270488 20417273.016521 -1464579.793315 1.87447
69 1407039005.00 2326 274205.00 09 0.303130798 0.744489072 -0.594851024 20140063.54357 20140082.47007 72.94 84.27 4.46091 7.34686 2.21905 6105064.792007 14994035.755888 -11980320.258075 1.00502
69 1407039005.00 2326 274205.00 14 0.834461682 0.295525743 0.465121744 24176430.78242 24176440.78999 217.58 15.99 11.87960 19.56504 7.89667 20174269.933991 7144745.229873 11244964.054293 3.60517
69 1407039005.00 2326 274205.00 16 -0.629426866 0.186297546 -0.754397140 23603137.25672 23603149.17236 42.49 18.48 8.71459 14.35245 6.89094 -14856445.189976 4397205.516911 -17806135.017998 3.13959
69 1407039005.00 2326 274205.00 20 0.584166898 -0.472108682 -0.660198779 24129910.22131 24129913.92230 309.76 15.83 10.87426 17.90931 7.97198 14095868.943135 -11391919.227846 -15930508.040254 3.64015
69 1407039005.00 2326 274205.00 27 -0.659479491 0.592288125 -0.462905582 22864778.10865 22864789.31184 72.94 25.38 7.88992 12.99426 5.12348 -15078852.377295 13542536.689255 -10584233.511889 2.32744
69 1407039005.00 2326 274205.00 30 0.881000812 -0.101532507 -0.462091678 22758759.40351 22758772.24567 282.68 32.84 7.80399 12.85274 4.05898 20050440.115506 -2310748.663799 -10516609.504344 1.84135
70 1407039006.00 2326 274206.00 04 -0.126612887 0.983316411 -0.130606324 21478407.59694 21478431.55513 120.93 46.82 5.77654 9.51364 3.02469 -2719439.985814 21120045.807081 -2805212.565708 1.37073
70 1407039006.00 2326 274206.00 07 0.556967256 0.256285365 -0.790003347 21389673.80432 21389696.68434 315.07 59.09 5.06458 8.34109 2.57229 11913315.700650 5481845.541972 -16897868.192685 1.16529
70 1407039006.00 2326 274206.00 08 -0.401619376 0.913449527 -0.065664596 22351064.59863 22351072.34104 110.29 32.19 7.26302 11.96178 4.13117 -8976620.246506 20416568.533794 -1467673.558156 1.87426
70 1407039006.00 2326 274206.00 09 0.303108432 0.744585976 -0.594741123 20140077.83471 20140096.75971 73.03 84.26 4.46076 7.34662 2.21905 6104618.677279 14995998.055092 -11978115.366488 1.00503
70 1407039006.00 2326 274206.00 14 0.834506997 0.295568577 0.465013213 24175784.66382 24175794.67152 217.58 16.00 11.87717 19.56103 7.89359 20174826.325242 7145589.835103 11242039.720901 3.60374
70 1407039006.00 2326 274206.00 16 -0.629494540 0.186210372 -0.754362196 23603821.16314 23603833.07845 42.49 18.47 8.71513 14.35334 6.89326 -14858473.030709 4395275.272195 -17805826.154375 3.14066
70 1407039006.00 2326 274206.00 20 0.584261429 -0.472060596 -0.660149510 24129634.02008 24129637.72001 309.75 15.83 10.87347 17.90800 7.97074 14097988.614176 -11390628.534609 -15929136.883680 3.63957
70 1407039006.00 2326 274206.00 27 -0.659479288 0.592205772 -0.463011223 22864766.95606 22864778.15678 72.93 25.38 7.88953 12.99363 5.12346 -15078840.397871 13540647.100631 -10586643.825998 2.32743
70 1407039006.00 2326 274206.00 30 0.880947293 -0.101495349 -0.462201861 22758380.68258 22758393.52644 282.69 32.85 7.80292 12.85097 4.05847 20048888.482580 -2309864.561884 -10518942.099804 1.84112
71 1407039007.00 2326 274207.00 04 -0.126629579 0.983333454 -0.130461752 21478805.63594 21478829.59483 120.94 46.81 5.77688 9.51419 3.02501 -2719848.903293 21120803.258374 -2802159.305328 1.37087
71 1407039007.00 2326 274207.00 07 0.556864448 0.256333315 -0.790060262 21389529.39332 21389552.27250 315.08 59.09 5.06423 8.34050 2.57221 11911036.277341 5482834.140583 -16898971.509162 1.16526
71 1407039007.00 2326 274207.00 08 -0.401637121 0.913431693 -0.065803995 22350729.32051 22350737.06572 110.29 32.20 7.26212 11.96031 4.13071 -8976882.218528 20415863.675083 -1470767.211182 1.87404
71 1407039007.00 2326 274207.00 09 0.303086072 0.744682863 -0.594631202 20140092.24897 20140111.17415 73.11 84.26 4.46060 7.34637 2.21906 6104172.709355 14997960.103625 -11975910.139854 1.00503
71 1407039007.00 2326 274207.00 14 0.834552304 0.295611402 0.464904669 24175138.59716 24175148.60482 217.58 16.00 11.87474 19.55703 7.89051 20175382.482804 7146434.175025 11239115.227576 3.60231
71 1407039007.00 2326 274207.00 16 -0.629562212 0.186123208 -0.754327232 23604505.12913 23604517.04485 42.48 18.46 8.71568 14.35423 6.89558 -14860500.948817 4393345.174654 -17805516.821431 3.14173
71 1407039007.00 2326 274207.00 20 0.584355957 -0.472012515 -0.660100221 24129357.94292 24129361.64349 309.75 15.84 10.87268 17.90669 7.96951 14100108.208528 -11389338.041950 -15927765.311296 3.63900
71 1407039007.00 2326 274207.00 27 -0.659479084 0.592123401 -0.463116848 22864755.95286 22864767.14972 72.92 25.38 7.88915 12.99299 5.12344 -15078828.483637 13538757.206402 -10589053.825782 2.32743
71 1407039007.00 2326 274207.00 30 0.880893762 -0.101458181 -0.462312035 22758002.00160 22758014.84800 282.69 32.85 7.80184 12.84920 4.05796 20047336.628453 -2308980.268785 -10521274.400400 1.84088
72 1407039008.00 2326 274208.00 04 -0.126646264 0.983350475 -0.130317177 21479203.76666 21479227.72514 120.95 46.80 5.77721 9.51475 3.02533 -2720257.707340 21121560.354988 -2799105.906815 1.37102
72 1407039008.00 2326 274208.00 07 0.556761636 0.256381273 -0.790117158 21389385.02190 21389407.90192 315.09 59.10 5.06387 8.33992 2.57214 11908756.784136 5483822.922568 -16900074.411963 1.16522
72 1407039008.00 2326 274208.00 08 -0.401654866 0.913413837 -0.065943392 22350394.15485 22350401.90297 110.28 32.20 7.26123 11.95884 4.13025 -8977144.186607 20415158.440398 -1473860.752326 1.87383
72 1407039008.00 2326 274208.00 09 0.303063717 0.744779734 -0.594521263 20140106.77646 20140125.70264 73.20 84.26 4.46045 7.34612 2.21906 6103726.888207 14999921.901434 -11973704.578222 1.00503
72 1407039008.00 2326 274208.00 14 0.834597603 0.295654218 0.464796111 24174492.57237 24174502.58941 217.59 16.01 11.87231 19.55303 7.88743 20175938.406629 7147278.249661 11236190.574381 3.60088
72 1407039008.00 2326 274208.00 16 -0.629629882 0.186036055 -0.754292250 23605189.14231 23605201.05692 42.48 18.46 8.71622 14.35513 6.89791 -14862528.944244 4391415.224332 -17805207.019176 3.14281
72 1407039008.00 2326 274208.00 20 0.584450481 -0.471964438 -0.660050910 24129081.98470 24129085.68493 309.74 15.84 10.87188 17.90538 7.96827 14102227.726128 -11388047.749879 -15926393.323130 3.63842
72 1407039008.00 2326 274208.00 27 -0.659478880 0.592041014 -0.463222457 22864745.08552 22864756.28820 72.91 25.38 7.88877 12.99236 5.12342 -15078816.634639 13536867.006610 -10591463.511187 2.32742
72 1407039008.00 2326 274208.00 30 0.880840218 -0.101421004 -0.462422199 22757623.35679 22757636.20643 282.70 32.86 7.80077 12.84743 4.05745 20045784.553177 -2308095.784483 -10523606.406085 1.84065
73 1407039009.00 2326 274209.00 04 -0.126662943 0.983367476 -0.130172601 21479601.93145 21479625.88842 120.95 46.80 5.77755 9.51530 3.02565 -2720666.398000 21122317.096894 -2796052.370233 1.37117
73 1407039009.00 2326 274209.00 07 0.556658818 0.256429240 -0.790174035 21389240.62783 21389263.50742 315.11 59.10 5.06352 8.33933 2.57206 11906477.221096 5484811.887923 -16901176.901064 1.16519
73 1407039009.00 2326 274209.00 08 -0.401672608 0.913395961 -0.066082789 22350059.03696 22350066.78223 110.27 32.21 7.26034 11.95737 4.12979 -8977406.150790 20414452.829752 -1476954.181519 1.87362
73 1407039009.00 2326 274209.00 09 0.303041368 0.744876588 -0.594411303 20140121.35646 20140140.28290 73.28 84.26 4.46030 7.34587 2.21907 6103281.213803 15001883.448466 -11971498.681640 1.00503
73 1407039009.00 2326 274209.00 14 0.834642893 0.295697025 0.464687541 24173846.53311 24173856.55421 217.59 16.02 11.86988 19.54904 7.88435 20176494.096671 7148122.059030 11233265.761376 3.59945
73 1407039009.00 2326 274209.00 16 -0.629697551 0.185948913 -0.754257248 23605873.14978 23605885.06484 42.48 18.45 8.71676 14.35602 6.90023 -14864557.016937 4389485.421273 -17804896.747618 3.14388
73 1407039009.00 2326 274209.00 20 0.584545002 -0.471916367 -0.660001578 24128806.08546 24128809.78619 309.74 15.84 10.87109 17.90408 7.96704 14104347.166911 -11386757.658404 -15925020.919211 3.63785
73 1407039009.00 2326 274209.00 27 -0.659478674 0.591958610 -0.463328050 22864734.29982 22864745.50093 72.90 25.38 7.88838 12.99173 5.12340 -15078804.850921 13534976.501294 -10593872.882159 2.32741
73 1407039009.00 2326 274209.00 30 0.880786662 -0.101383817 -0.462532353 22757244.68857 22757257.53800 282.71 32.86 7.79969 12.84566 4.05694 20044232.256804 -2307211.108960 -10525938.116809 1.84042
74 1407039010.00 2326 274210.00 04 -0.126679616 0.983384456 -0.130028024 21480000.29413 21480024.25268 120.96 46.79 5.77789 9.51586 3.02597 -2721074.975318 21123073.484063 -2792998.695648 1.37131
74 1407039010.00 2326 274210.00 07 0.556555994 0.256477216 -0.790230892 21389096.38124 21389119.26017 315.12 59.10 5.06316 8.33874 2.57198 11904197.588279 5485801.036642 -16902278.976445 1.16515
74 1407039010.00 2326 274210.00 08 -0.401690350 0.913378063 -0.066222185 22349724.13124 22349731.88030 110.26 32.21 7.25945 11.95590 4.12932 -8977668.111131 20413746.843155 -1480047.498694 1.87341
74 1407039010.00 2326 274210.00 09 0.303019025 0.744973426 -0.594301325 20140136.15740 20140155.08416 73.36 84.26 4.46015 7.34562 2.21908 6102835.686116 15003844.744667 -11969292.450153 1.00504
74 1407039010.00 2326 274210.00 14 0.834688175 0.295739822 0.464578958 24173200.64419 24173210.67043 217.59 16.02 11.86745 19.54504 7.88128 20177049.552882 7148965.603155 11230340.788624 3.59802
74 1407039010.00 2326 274210.00 16 -0.629765218 0.185861782 -0.754222228 23606557.31672 23606569.23101 42.48 18.44 8.71730 14.35691 6.90256 -14866585.166842 4387555.765521 -17804586.006766 3.14495
74 1407039010.00 2326 274210.00 20 0.584639519 -0.471868301 -0.659952225 24128530.41173 24128534.11237 309.73 15.84 10.87029 17.90277 7.96581 14106466.530814 -11385467.767535 -15923648.099567 3.63728
74 1407039010.00 2326 274210.00 27 -0.659478468 0.591876190 -0.463433626 22864723.75998 22864734.96177 72.89 25.38 7.88800 12.99109 5.12338 -15078793.132527 13533085.690496 -10596281.938647 2.32740
74 1407039010.00 2326 274210.00 30 0.880733094 -0.101346620 -0.462642497 22756866.16192 22756879.01243 282.71 32.87 7.79861 12.84389 4.05643 20042679.739386 -2306326.242197 -10528269.532523 1.84019
75 1407039011.00 2326 274211.00 04 -0.126696282 0.983401415 -0.129883445 21480398.66691 21480422.62475 120.97 46.78 5.77823 9.51642 3.02629 -2721483.439339 21123829.516466 -2789944.883126 1.37146
75 1407039011.00 2326 274211.00 07 0.556453166 0.256525200 -0.790287730 21388952.08517 21388974.96604 315.13 59.10 5.06280 8.33816 2.57190 11901917.885747 5486790.368722 -16903380.638080 1.16511
75 1407039011.00 2326 274211.00 08 -0.401708090 0.913360143 -0.066361579 22349389.25540 22349397.00084 110.25 32.21 7.25855 11.95443 4.12886 -8977930.067677 20413040.480617 -1483140.703783 1.87320
75 1407039011.00 2326 274211.00 09 0.302996688 0.745070248 -0.594191326 20140150.98688 20140169.91254 73.45 84.26 4.46000 7.34537 2.21908 6102390.305115 15005805.789987 -11967085.883810 1.00504
75 1407039011.00 2326 274211.00 14 0.834733449 0.295782611 0.464470362 24172554.71759 24172564.74611 217.60 16.03 11.86503 19.54104 7.87821 20177604.775216 7149808.882057 11227415.656187 3.59660
75 1407039011.00 2326 274211.00 16 -0.629832883 0.185774662 -0.754187188 23607241.44636 23607253.36079 42.48 18.44 8.71785 14.35781 6.90489 -14868613.393906 4385626.257121 -17804274.796629 3.14603
75 1407039011.00 2326 274211.00 20 0.584734033 -0.471820241 -0.659902850 24128254.76996 24128258.47079 309.72 15.85 10.86950 17.90147 7.96458 14108585.817773 -11384178.077281 -15922274.864227 3.63671
75 1407039011.00 2326 274211.00 27 -0.659478261 0.591793752 -0.463539187 22864713.27476 22864724.47610 72.88 25.38 7.88761 12.99046 5.12336 -15078781.479502 13531194.574258 -10598690.680595 2.32739
75 1407039011.00 2326 274211.00 30 0.880679513 -0.101309413 -0.462752631 22756487.58619 22756500.43338 282.72 32.87 7.79754 12.84211 4.05593 20041127.000974 -2305441.184177 -10530600.653180 1.83996
76 1407039012.00 2326 274212.00 04 -0.126712942 0.983418353 -0.129738864 21480797.18164 21480821.13750 120.98 46.78 5.77856 9.51697 3.02662 -2721891.790108 21124585.194073 -2786890.932732 1.37160
76 1407039012.00 2326 274212.00 07 0.556350332 0.256573194 -0.790344548 21388807.88121 21388830.76275 315.15 59.11 5.06245 8.33757 2.57182 11899638.113560 5487779.884157 -16904481.885949 1.16508
76 1407039012.00 2326 274212.00 08 -0.401725828 0.913342203 -0.066500973 22349054.53294 22349062.28060 110.24 32.22 7.25766 11.95296 4.12840 -8978192.020481 20412333.742150 -1486233.796719 1.87299
76 1407039012.00 2326 274212.00 09 0.302974357 0.745167053 -0.594081309 20140165.98268 20140184.90893 73.53 84.25 4.45985 7.34512 2.21909 6101945.070773 15007766.584370 -11964878.982658 1.00504
76 1407039012.00 2326 274212.00 14 0.834778714 0.295825391 0.464361752 24171908.88652 24171918.92020 217.60 16.04 11.86260 19.53704 7.87514 20178159.763627 7150651.895756 11224490.364126 3.59517
76 1407039012.00 2326 274212.00 16 -0.629900547 0.185687553 -0.754152129 23607925.67819 23607937.59118 42.48 18.43 8.71839 14.35870 6.90722 -14870641.698074 4383696.896116 -17803963.117217 3.14711
76 1407039012.00 2326 274212.00 20 0.584828543 -0.471772185 -0.659853454 24127979.29755 24127982.99844 309.72 15.85 10.86871 17.90016 7.96334 14110705.027725 -11382888.587651 -15920901.213219 3.63613
76 1407039012.00 2326 274212.00 27 -0.659478054 0.591711298 -0.463644731 22864702.97869 22864714.17968 72.88 25.38 7.88723 12.98983 5.12334 -15078769.891891 13529303.152621 -10601099.107951 2.32738
76 1407039012.00 2326 274212.00 30 0.880625920 -0.101272197 -0.462862756 22756109.09475 22756121.94151 282.73 32.88 7.79646 12.84034 4.05542 20039574.041622 -2304555.934879 -10532931.478731 1.83973
77 1407039013.00 2326 274213.00 04 -0.126729596 0.983435271 -0.129594282 21481195.71692 21481219.67270 120.98 46.77 5.77890 9.51753 3.02694 -2722300.027670 21125340.516857 -2783836.844531 1.37175
77 1407039013.00 2326 274213.00 07 0.556247493 0.256621197 -0.790401346 21388663.64280 21388686.52356 315.16 59.11 5.06209 8.33698 2.57175 11897358.271778 5488769.582942 -16905582.720028 1.16504
77 1407039013.00 2326 274213.00 08 -0.401743565 0.913324241 -0.066640365 22348719.84986 22348727.60115 110.24 32.22 7.25677 11.95150 4.12794 -8978453.969593 20411626.627764 -1489326.777433 1.87278
77 1407039013.00 2326 274213.00 09 0.302952031 0.745263842 -0.593971272 20140181.01882 20140199.94464 73.61 84.25 4.45970 7.34488 2.21909 6101499.983058 15009727.127765 -11962671.746746 1.00505
77 1407039013.00 2326 274213.00 14 0.834823971 0.295868161 0.464253130 24171263.02633 24171273.05791 217.60 16.04 11.86018 19.53305 7.87208 20178714.518066 7151494.644274 11221564.912502 3.59375
77 1407039013.00 2326 274213.00 16 -0.629968209 0.185600455 -0.754117051 23608609.89080 23608621.80400 42.48 18.42 8.71893 14.35959 6.90955 -14872670.079293 4381767.682551 -17803650.968537 3.14818
77 1407039013.00 2326 274213.00 20 0.584923049 -0.471724135 -0.659804037 24127703.87120 24127707.57225 309.71 15.85 10.86792 17.89885 7.96211 14112824.160607 -11381599.298654 -15919527.146572 3.63556
77 1407039013.00 2326 274213.00 27 -0.659477845 0.591628828 -0.463750258 22864692.75074 22864703.95214 72.87 25.38 7.88685 12.98920 5.12332 -15078758.369739 13527411.425625 -10603507.220661 2.32737
77 1407039013.00 2326 274213.00 30 0.880572315 -0.101234971 -0.462972871 22755730.56867 22755743.41350 282.73 32.88 7.79539 12.83857 4.05491 20038020.861380 -2303670.494286 -10535262.009126 1.83949
78 1407039014.00 2326 274214.00 04 -0.126746243 0.983452167 -0.129449699 21481594.25830 21481618.21573 120.99 46.77 5.77924 9.51809 3.02726 -2722708.152071 21126095.484787 -2780782.618589 1.37189
78 1407039014.00 2326 274214.00 07 0.556144648 0.256669208 -0.790458125 21388519.35758 21388542.23822 315.17 59.11 5.06174 8.33640 2.57167 11895078.360460 5489759.465072 -16906683.140294 1.16501
78 1407039014.00 2326 274214.00 08 -0.401761301 0.913306258 -0.066779756 22348385.19039 22348392.94196 110.23 32.23 7.25588 11.95003 4.12747 -8978715.915062 20410919.137470 -1492419.645859 1.87257
78 1407039014.00 2326 274214.00 09 0.302929712 0.745360615 -0.593861215 20140196.08446 20140215.00892 73.70 84.25 4.45955 7.34463 2.21910 6101055.041942 15011687.420119 -11960464.176119 1.00505
78 1407039014.00 2326 274214.00 14 0.834869220 0.295910922 0.464144495 24170617.12370 24170627.15874 217.60 16.05 11.85775 19.52906 7.86901 20179269.038488 7152337.127633 11218639.301378 3.59233
78 1407039014.00 2326 274214.00 16 -0.630035869 0.185513368 -0.754081955 23609294.06802 23609305.97993 42.48 18.42 8.71947 14.36049 6.91189 -14874698.537508 4379838.616470 -17803338.350600 3.14926
78 1407039014.00 2326 274214.00 20 0.585017552 -0.471676089 -0.659754599 24127428.47777 24127432.18001 309.70 15.85 10.86712 17.89755 7.96089 14114943.216354 -11380310.210299 -15918152.664315 3.63499
78 1407039014.00 2326 274214.00 27 -0.659477636 0.591546340 -0.463855770 22864682.57683 22864693.77636 72.86 25.38 7.88646 12.98857 5.12331 -15078746.913089 13525519.393311 -10605915.018673 2.32736
78 1407039014.00 2326 274214.00 30 0.880518697 -0.101197735 -0.463082976 22755351.98666 22755364.83348 282.74 32.89 7.79432 12.83680 4.05440 20036467.460300 -2302784.862380 -10537592.244319 1.83926
79 1407039015.00 2326 274215.00 04 -0.126762884 0.983469043 -0.129305113 21481992.84534 21482016.80295 121.00 46.76 5.77958 9.51864 3.02758 -2723116.163356 21126850.097835 -2777728.254970 1.37204
79 1407039015.00 2326 274215.00 07 0.556041798 0.256717229 -0.790514885 21388375.06209 21388397.94262 315.18 59.12 5.06138 8.33581 2.57159 11892798.379668 5490749.530544 -16907783.146725 1.16497
79 1407039015.00 2326 274215.00 08 -0.401779036 0.913288254 -0.066919146 22348050.59256 22348058.34261 110.22 32.23 7.25499 11.94856 4.12701 -8978977.856939 20410211.271280 -1495512.401927 1.87236
79 1407039015.00 2326 274215.00 09 0.302907398 0.745457372 -0.593751140 20140211.21480 20140230.14012 73.78 84.25 4.45940 7.34438 2.21910 6100610.247396 15013647.461379 -11958256.270826 1.00505
79 1407039015.00 2326 274215.00 14 0.834914460 0.295953675 0.464035847 24169971.21708 24169981.24833 217.61 16.06 11.85533 19.52506 7.86595 20179823.324846 7153179.345852 11215713.530815 3.59091
79 1407039015.00 2326 274215.00 16 -0.630103527 0.185426292 -0.754046839 23609978.24752 23609990.15783 42.48 18.41 8.72001 14.36138 6.91422 -14876727.072666 4377909.697916 -17803025.263413 3.15034
79 1407039015.00 2326 274215.00 20 0.585112051 -0.471628049 -0.659705139 24127153.15531 24127156.85785 309.70 15.86 10.86633 17.89625 7.95966 14117062.194903 -11379021.322595 -15916777.766475 3.63442
79 1407039015.00 2326 274215.00 27 -0.659477426 0.591463836 -0.463961265 22864672.49103 22864683.69486 72.85 25.38 7.88608 12.98794 5.12329 -15078735.521987 13523627.055722 -10608322.501932 2.32736
79 1407039015.00 2326 274215.00 30 0.880465067 -0.101160489 -0.463193072 22754973.39626 22754986.24197 282.75 32.89 7.79324 12.83504 4.05389 20034913.838436 -2301899.039142 -10539922.184259 1.83903
80 1407039016.00 2326 274216.00 04 -0.126779519 0.983485898 -0.129160527 21482391.56445 21482415.51985 121.01 46.75 5.77992 9.51920 3.02790 -2723524.061569 21127604.355972 -2774673.753742 1.37218
80 1407039016.00 2326 274216.00 07 0.555938943 0.256765258 -0.790571625 21388230.84366 21388253.72443 315.20 59.12 5.06102 8.33522 2.57151 11890518.329460 5491739.779352 -16908882.739299 1.16494
80 1407039016.00 2326 274216.00 08 -0.401796769 0.913270228 -0.067058535 22347716.13937 22347723.89051 110.21 32.23 7.25410 11.94709 4.12655 -8979239.795276 20409503.029204 -1498605.045570 1.87215
80 1407039016.00 2326 274216.00 09 0.302885089 0.745554112 -0.593641044 20140226.49680 20140245.42199 73.86 84.25 4.45925 7.34413 2.21911 6100165.599390 15015607.251492 -11956048.030915 1.00505
80 1407039016.00 2326 274216.00 14 0.834959692 0.295996418 0.463927186 24169325.38925 24169335.42316 217.61 16.06 11.85290 19.52107 7.86290 20180377.377092 7154021.298954 11212787.600876 3.58949
80 1407039016.00 2326 274216.00 16 -0.630171184 0.185339227 -0.754011704 23610662.51550 23610674.42632 42.48 18.40 8.72056 14.36227 6.91656 -14878755.684713 4375980.926934 -17802711.706986 3.15142
80 1407039016.00 2326 274216.00 20 0.585206547 -0.471580014 -0.659655659 24126877.98738 24126881.69004 309.69 15.86 10.86554 17.89494 7.95843 14119181.096191 -11377732.635552 -15915402.453082 3.63385
80 1407039016.00 2326 274216.00 27 -0.659477215 0.591381315 -0.464066744 22864662.58659 22864673.78723 72.84 25.38 7.88570 12.98731 5.12327 -15078724.196477 13521734.412897 -10610729.670386 2.32735
80 1407039016.00 2326 274216.00 30 0.880411424 -0.101123234 -0.463303158 22754594.88009 22754607.72886 282.75 32.89 7.79217 12.83327 4.05339 20033359.995838 -2301013.024553 -10542251.828899 1.83880
81 1407039017.00 2326 274217.00 04 -0.126796147 0.983502732 -0.129015939 21482790.39812 21482814.35666 121.02 46.75 5.78026 9.51976 3.02822 -2723931.846757 21128358.259169 -2771619.114968 1.37233
81 1407039017.00 2326 274217.00 07 0.555836082 0.256813296 -0.790628345 21388086.68822 21388109.56876 315.21 59.12 5.06067 8.33464 2.57143 11888238.209898 5492730.211491 -16909981.917991 1.16490
81 1407039017.00 2326 274217.00 08 -0.401814501 0.913252181 -0.067197923 22347381.82166 22347389.57347 110.20 32.24 7.25321 11.94563 4.12609 -8979501.730121 20408794.411252 -1501697.576721 1.87194
81 1407039017.00 2326 274217.00 09 0.302862787 0.745650835 -0.593530929 20140241.91943 20140260.84478 73.95 84.25 4.45910 7.34388 2.21912 6099721.097894 15017566.790405 -11953839.456433 1.00506
81 1407039017.00 2326 274217.00 14 0.835004915 0.296039152 0.463818511 24168679.62934 24168689.66026 217.61 16.07 11.85048 19.51708 7.85984 20180931.195181 7154862.986960 11209861.511621 3.58807
81 1407039017.00 2326 274217.00 16 -0.630238840 0.185252173 -0.753976550 23611346.85980 23611358.77076 42.48 18.40 8.72110 14.36316 6.91890 -14880784.373596 4374052.303568 -17802397.681329 3.15250
81 1407039017.00 2326 274217.00 20 0.585301038 -0.471531984 -0.659606157 24126602.96292 24126606.66508 309.68 15.86 10.86475 17.89364 7.95720 14121299.920153 -11376444.149177 -15914026.724163 3.63328
81 1407039017.00 2326 274217.00 27 -0.659477003 0.591298778 -0.464172207 22864652.84503 22864664.04786 72.83 25.38 7.88531 12.98668 5.12325 -15078712.936604 13519841.464878 -10613136.523981 2.32734
81 1407039017.00 2326 274217.00 30 0.880357769 -0.101085969 -0.463413234 22754216.41833 22754229.26947 282.76 32.90 7.79109 12.83150 4.05288 20031805.932558 -2300126.818594 -10544581.178190 1.83857
82 1407039018.00 2326 274218.00 04 -0.126812769 0.983519546 -0.128871349 21483189.36822 21483213.32412 121.02 46.74 5.78059 9.52032 3.02854 -2724339.518964 21129111.807397 -2768564.338715 1.37248
82 1407039018.00 2326 274218.00 07 0.555733217 0.256861344 -0.790685046 21387942.61194 21387965.49393 315.22 59.13 5.06031 8.33405 2.57136 11885958.021042 5493720.826956 -16911080.682780 1.16487
82 1407039018.00 2326 274218.00 08 -0.401832231 0.913234113 -0.067337309 22347047.65523 22347055.40685 110.19 32.24 7.25232 11.94416 4.12563 -8979763.661526 20408085.417437 -1504789.995311 1.87173
82 1407039018.00 2326 274218.00 09 0.302840490 0.745747543 -0.593420795 20140257.49448 20140276.41921 74.03 84.25 4.45895 7.34364 2.21912 6099276.742880 15019526.078066 -11951630.547426 1.00506
82 1407039018.00 2326 274218.00 14 0.835050131 0.296081877 0.463709824 24168033.95146 24168043.98357 217.62 16.08 11.84805 19.51309 7.85679 20181484.779064 7155704.409891 11206935.263113 3.58665
82 1407039018.00 2326 274218.00 16 -0.630306493 0.185165131 -0.753941376 23612031.29676 23612043.21118 42.48 18.39 8.72164 14.36405 6.92124 -14882813.139259 4372123.827862 -17802083.186449 3.15358
82 1407039018.00 2326 274218.00 20 0.585395527 -0.471483960 -0.659556633 24126328.09907 24126331.79985 309.68 15.87 10.86396 17.89233 7.95598 14123418.666727 -11375155.863480 -15912650.579748 3.63271
82 1407039018.00 2326 274218.00 27 -0.659476790 0.591216224 -0.464277654 22864643.28330 22864654.48774 72.83 25.38 7.88493 12.98605 5.12324 -15078701.742413 13517948.211707 -10615543.062663 2.32733
82 1407039018.00 2326 274218.00 30 0.880304102 -0.101048694 -0.463523300 22753838.03669 22753850.89043 282.77 32.90 7.79002 12.82973 4.05237 20030251.648649 -2299240.421249 -10546910.232083 1.83834
83 1407039019.00 2326 274219.00 04 -0.126829384 0.983536339 -0.128726758 21483588.40455 21483612.36069 121.03 46.73 5.78093 9.52087 3.02886 -2724747.078235 21129865.000626 -2765509.425047 1.37262
83 1407039019.00 2326 274219.00 07 0.555630346 0.256909400 -0.790741727 21387798.54917 21387821.43033 315.24 59.13 5.05996 8.33347 2.57128 11883677.762951 5494711.625742 -16912179.033643 1.16483
83 1407039019.00 2326 274219.00 08 -0.401849960 0.913216023 -0.067476694 22346713.57120 22346721.32474 110.19 32.25 7.25143 11.94270 4.12517 -8980025.589541 20407376.047769 -1507882.301274 1.87152
83 1407039019.00 2326 274219.00 09 0.302818200 0.745844233 -0.593310642 20140273.15992 20140292.08401 74.11 84.24 4.45880 7.34339 2.21913 6098832.534318 15021485.114421 -11949421.303944 1.00506
83 1407039019.00 2326 274219.00 14 0.835095338 0.296124594 0.463601124 24167388.29698 24167398.32494 217.62 16.08 11.84563 19.50910 7.85374 20182038.128696 7156545.567768 11204008.855413 3.58524
83 1407039019.00 2326 274219.00 16 -0.630374145 0.185078099 -0.753906184 23612715.76094 23612727.67260 42.48 18.38 8.72218 14.36495 6.92358 -14884841.981649 4370195.499860 -17801768.222356 3.15466
83 1407039019.00 2326 274219.00 20 0.585490012 -0.471435940 -0.659507089 24126053.32638 24126057.02692 309.67 15.87 10.86317 17.89103 7.95475 14125537.335849 -11373867.778471 -15911274.019866 3.63214
83 1407039019.00 2326 274219.00 27 -0.659476577 0.591133653 -0.464383084 22864633.83917 22864645.04093 72.82 25.38 7.88455 12.98542 5.12322 -15078690.613947 13516054.653425 -10617949.286381 2.32732
83 1407039019.00 2326 274219.00 30 0.880250422 -0.101011410 -0.463633356 22753459.66419 22753472.51823 282.77 32.91 7.78895 12.82796 4.05187 20028697.144163 -2298353.832497 -10549238.990531 1.83811
84 1407039020.00 2326 274220.00 04 -0.126845993 0.983553110 -0.128582165 21483987.50253 21484011.45954 121.04 46.73 5.78127 9.52143 3.02918 -2725154.524616 21130617.838829 -2762454.374031 1.37277
84 1407039020.00 2326 274220.00 07 0.555527469 0.256957465 -0.790798389 21387654.49154 21387677.37454 315.25 59.13 5.05960 8.33288 2.57120 11881397.435686 5495702.607846 -16913276.970558 1.16480
84 1407039020.00 2326 274220.00 08 -0.401867688 0.913197912 -0.067616079 22346379.56500 22346387.31784 110.18 32.25 7.25054 11.94123 4.12471 -8980287.514216 20406666.302259 -1510974.494541 1.87131
84 1407039020.00 2326 274220.00 09 0.302795914 0.745940908 -0.593200469 20140288.90586 20140307.83110 74.20 84.24 4.45865 7.34314 2.21914 6098388.472178 15023443.899419 -11947211.726033 1.00506
84 1407039020.00 2326 274220.00 14 0.835140536 0.296167301 0.463492411 24166742.65068 24166752.68464 217.62 16.09 11.84321 19.50511 7.85069 20182591.244030 7157386.460612 11201082.288584 3.58382
84 1407039020.00 2326 274220.00 16 -0.630441795 0.184991078 -0.753870973 23613400.24301 23613412.15161 42.48 18.38 8.72272 14.36584 6.92592 -14886870.900713 4368267.319606 -17801452.789060 3.15574
84 1407039020.00 2326 274220.00 20 0.585584493 -0.471387926 -0.659457523 24125778.63684 24125782.33873 309.66 15.87 10.86238 17.88973 7.95353 14127655.927454 -11372579.894158 -15909897.044543 3.63157
84 1407039020.00 2326 274220.00 27 -0.659476363 0.591051065 -0.464488498 22864624.50256 22864635.70305 72.81 25.38 7.88417 12.98479 5.12320 -15078679.551252 13514160.790072 -10620355.195079 2.32732
84 1407039020.00 2326 274220.00 30 0.880196730 -0.100974115 -0.463743403 22753081.29073 22753094.14309 282.78 32.91 7.78787 12.82619 4.05136 20027142.419151 -2297467.052322 -10551567.453483 1.83788
85 1407039021.00 2326 274221.00 04 -0.126862596 0.983569861 -0.128437571 21484386.63857 21484410.59575 121.05 46.72 5.78161 9.52199 3.02950 -2725561.858152 21131370.321976 -2759399.185731 1.37291
85 1407039021.00 2326 274221.00 07 0.555424588 0.257005539 -0.790855031 21387510.41508 21387533.29653 315.26 59.13 5.05924 8.33229 2.57112 11879117.039307 5496693.773261 -16914374.493501 1.16476
85 1407039021.00 2326 274221.00 08 -0.401885415 0.913179780 -0.067755462 22346045.61304 22346053.36784 110.17 32.25 7.24965 11.93977 4.12425 -8980549.435602 20405956.180918 -1514066.575044 1.87110
85 1407039021.00 2326 274221.00 09 0.302773635 0.746037566 -0.593090276 20140304.70964 20140323.63485 74.28 84.24 4.45849 7.34289 2.21914 6097944.556432 15025402.433006 -11945001.813741 1.00507
85 1407039021.00 2326 274221.00 14 0.835185726 0.296209999 0.463383684 24166096.99335 24166107.02357 217.62 16.10 11.84079 19.50112 7.84764 20183144.125019 7158227.088445 11198155.562686 3.58241
85 1407039021.00 2326 274221.00 16 -0.630509444 0.184904068 -0.753835743 23614084.71918 23614096.62475 42.48 18.37 8.72326 14.36673 6.92827 -14888899.896397 4366339.287143 -17801136.886568 3.15682
85 1407039021.00 2326 274221.00 20 0.585678970 -0.471339917 -0.659407936 24125504.00724 24125507.70989 309.66 15.87 10.86159 17.88843 7.95230 14129774.441481 -11371292.210549 -15908519.653810 3.63101
85 1407039021.00 2326 274221.00 27 -0.659476148 0.590968461 -0.464593896 22864615.24815 22864626.45088 72.80 25.38 7.88379 12.98416 5.12318 -15078668.554373 13512266.621690 -10622760.788706 2.32731
85 1407039021.00 2326 274221.00 30 0.880143026 -0.100936811 -0.463853440 22752702.89882 22752715.74989 282.79 32.92 7.78680 12.82442 4.05085 20025587.473666 -2296580.080703 -10553895.620893 1.83764
86 1407039022.00 2326 274222.00 04 -0.126879193 0.983586592 -0.128292975 21484785.99821 21484809.95394 121.05 46.71 5.78195 9.52255 3.02983 -2725969.078887 21132122.450038 -2756343.860214 1.37306
86 1407039022.00 2326 274222.00 07 0.555321701 0.257053621 -0.790911654 21387366.50435 21387389.38556 315.28 59.14 5.05889 8.33171 2.57105 11876836.573874 5497685.121983 -16915471.602450 1.16473
86 1407039022.00 2326 274222.00 08 -0.401903140 0.913161627 -0.067894844 22345711.90161 22345719.65570 110.16 32.26 7.24876 11.93830 4.12379 -8980811.353749 20405245.683757 -1517158.542716 1.87089
86 1407039022.00 2326 274222.00 09 0.302751362 0.746134208 -0.592980064 20140320.75624 20140339.68208 74.36 84.24 4.45834 7.34265 2.21915 6097500.787049 15027360.715129 -11942791.567116 1.00507
86 1407039022.00 2326 274222.00 14 0.835230908 0.296252687 0.463274945 24165451.51165 24165461.54078 217.63 16.10 11.83837 19.49714 7.84460 20183696.771616 7159067.451288 11195228.677781 3.58099
86 1407039022.00 2326 274222.00 16 -0.630577090 0.184817069 -0.753800494 23614769.37556 23614781.28325 42.48 18.36 8.72380 14.36762 6.93062 -14890928.968645 4364411.402516 -17800820.514890 3.15791
86 1407039022.00 2326 274222.00 20 0.585773444 -0.471291913 -0.659358328 24125229.62237 24125233.32623 309.65 15.88 10.86080 17.88713 7.95108 14131892.877864 -11370004.727655 -15907141.847695 3.63044
86 1407039022.00 2326 274222.00 27 -0.659475933 0.590885840 -0.464699277 22864606.26453 22864617.46856 72.79 25.38 7.88340 12.98353 5.12317 -15078657.623352 13510372.148320 -10625166.067208 2.32730
86 1407039022.00 2326 274222.00 30 0.880089310 -0.100899497 -0.463963467 22752324.66637 22752337.51639 282.79 32.92 7.78573 12.82266 4.05035 20024032.307759 -2295692.917623 -10556223.492711 1.83741
87 1407039023.00 2326 274223.00 04 -0.126895783 0.983603301 -0.128148378 21485185.32968 21485209.28454 121.06 46.71 5.78229 9.52311 3.03015 -2726376.186869 21132874.222986 -2753288.397544 1.37321
87 1407039023.00 2326 274223.00 07 0.555218809 0.257101713 -0.790968257 21387222.53863 21387245.42013 315.29 59.14 5.05853 8.33112 2.57097 11874556.039448 5498676.654007 -16916568.297382 1.16469
87 1407039023.00 2326 274223.00 08 -0.401920863 0.913143452 -0.068034224 22345378.17914 22345385.92940 110.15 32.26 7.24787 11.93684 4.12333 -8981073.268707 20404534.810787 -1520250.397489 1.87068
87 1407039023.00 2326 274223.00 09 0.302729094 0.746230833 -0.592869833 20140336.81008 20140355.73688 74.45 84.24 4.45819 7.34240 2.21915 6097057.164001 15029318.745736 -11940580.986204 1.00507
87 1407039023.00 2326 274223.00 14 0.835276082 0.296295367 0.463166193 24164805.97344 24164816.00793 217.63 16.11 11.83595 19.49315 7.84156 20184249.183775 7159907.549162 11192301.633932 3.57958
87 1407039023.00 2326 274223.00 16 -0.630644735 0.184730081 -0.753765225 23615453.97428 23615465.88094 42.47 18.36 8.72434 14.36851 6.93296 -14892958.117406 4362483.665770 -17800503.674036 3.15899
87 1407039023.00 2326 274223.00 20 0.585867914 -0.471243914 -0.659308699 24124955.27745 24124958.98140 309.65 15.88 10.86001 17.88582 7.94986 14134011.236540 -11368717.445484 -15905763.626226 3.62987
87 1407039023.00 2326 274223.00 27 -0.659475716 0.590803202 -0.464804643 22864597.30908 22864608.51115 72.78 25.38 7.88302 12.98290 5.12315 -15078646.758237 13508477.370004 -10627571.030530 2.32729
87 1407039023.00 2326 274223.00 30 0.880035581 -0.100862174 -0.464073484 22751946.38425 22751959.23626 282.80 32.93 7.78465 12.82089 4.04984 20022476.921483 -2294805.563064 -10558551.068889 1.83718
88 1407039024.00 2326 274224.00 04 -0.126912367 0.983619989 -0.128003779 21485584.68018 21485608.63102 121.07 46.70 5.78263 9.52367 3.03047 -2726783.182140 21133625.640792 -2750232.797787 1.37335
88 1407039024.00 2326 274224.00 07 0.555115911 0.257149814 -0.791024841 21387078.51621 21387101.39926 315.30 59.14 5.05818 8.33054 2.57089 11872275.436087 5499668.369328 -16917664.578276 1.16466
88 1407039024.00 2326 274224.00 08 -0.401938586 0.913125256 -0.068173604 22345044.49016 22345052.24486 110.14 32.27 7.24698 11.93537 4.12287 -8981335.180528 20403823.562019 -1523342.139295 1.87047
88 1407039024.00 2326 274224.00 09 0.302706832 0.746327442 -0.592759583 20140352.89531 20140371.82172 74.53 84.24 4.45804 7.34215 2.21916 6096613.687257 15031276.524774 -11938370.071055 1.00508
88 1407039024.00 2326 274224.00 14 0.835321247 0.296338038 0.463057428 24164160.39622 24164170.42794 217.63 16.12 11.83353 19.48916 7.83852 20184801.361448 7160747.382089 11189374.431200 3.57817
88 1407039024.00 2326 274224.00 16 -0.630712379 0.184643104 -0.753729938 23616138.53456 23616150.44151 42.47 18.35 8.72489 14.36940 6.93531 -14894987.342623 4360556.076947 -17800186.364013 3.16008
88 1407039024.00 2326 274224.00 20 0.585962381 -0.471195920 -0.659259048 24124680.94547 24124684.64903 309.64 15.88 10.85922 17.88452 7.94864 14136129.517446 -11367430.364045 -15904384.989432 3.62930
88 1407039024.00 2326 274224.00 27 -0.659475499 0.590720548 -0.464909992 22864588.40919 22864599.61186 72.77 25.38 7.88264 12.98227 5.12314 -15078635.959070 13506582.286782 -10629975.678622 2.32729
88 1407039024.00 2326 274224.00 30 0.879981840 -0.100824840 -0.464183491 22751568.03534 22751580.88969 282.81 32.93 7.78358 12.81912 4.04933 20020921.314890 -2293918.017007 -10560878.349378 1.83695
89 1407039025.00 2326 274225.00 04 -0.126928944 0.983636657 -0.127859179 21485984.23810 21486008.19288 121.08 46.69 5.78297 9.52423 3.03079 -2727190.064748 21134376.703426 -2747177.061008 1.37350
89 1407039025.00 2326 274225.00 07 0.555013008 0.257197923 -0.791081405 21386934.64221 21386957.52444 315.31 59.15 5.05782 8.32995 2.57081 11869994.763853 5500660.267942 -16918760.445107 1.16462
89 1407039025.00 2326 274225.00 08 -0.401956307 0.913107039 -0.068312982 22344711.02915 22344718.78401 110.14 32.27 7.24609 11.93391 4.12241 -8981597.089260 20403111.937465 -1526433.768066 1.87026
89 1407039025.00 2326 274225.00 09 0.302684576 0.746424035 -0.592649313 20140369.20337 20140388.12854 74.61 84.23 4.45789 7.34190 2.21917 6096170.356788 15033234.052190 -11936158.821714 1.00508
89 1407039025.00 2326 274225.00 14 0.835366404 0.296380700 0.462948650 24163514.96553 24163525.00816 217.64 16.12 11.83111 19.48518 7.83548 20185353.304589 7161586.950089 11186447.069647 3.57676
89 1407039025.00 2326 274225.00 16 -0.630780021 0.184556138 -0.753694632 23616823.26629 23616835.17157 42.47 18.34 8.72543 14.37029 6.93767 -14897016.644245 4358628.636092 -17799868.584832 3.16116
89 1407039025.00 2326 274225.00 20 0.586056844 -0.471147932 -0.659209377 24124406.83652 24124410.54060 309.63 15.88 10.85843 17.88322 7.94742 14138247.720518 -11366143.483346 -15903005.937342 3.62874
89 1407039025.00 2326 274225.00 27 -0.659475281 0.590637877 -0.465015324 22864579.76315 22864590.96729 72.77 25.38 7.88226 12.98165 5.12312 -15078625.225896 13504686.898696 -10632380.011428 2.32728
89 1407039025.00 2326 274225.00 30 0.879928086 -0.100787497 -0.464293489 22751189.82630 22751202.68135 282.81 32.94 7.78251 12.81736 4.04883 20019365.488031 -2293030.279433 -10563205.334131 1.83672
90 1407039026.00 2326 274226.00 04 -0.126945515 0.983653304 -0.127714578 21486383.82723 21486407.78186 121.09 46.69 5.78331 9.52479 3.03111 -2727596.834736 21135127.410860 -2744121.187274 1.37365
90 1407039026.00 2326 274226.00 07 0.554910100 0.257246042 -0.791137949 21386790.75794 21386813.64204 315.33 59.15 5.05747 8.32937 2.57073 11867714.022806 5501652.349842 -16919855.897853 1.16458
90 1407039026.00 2326 274226.00 08 -0.401974026 0.913088800 -0.068452359 22344377.60982 22344385.36810 110.13 32.28 7.24520 11.93245 4.12195 -8981858.994956 20402399.937134 -1529525.283735 1.87005
90 1407039026.00 2326 274226.00 09 0.302662326 0.746520611 -0.592539023 20140385.56967 20140404.49569 74.70 84.23 4.45774 7.34166 2.21917 6095727.172566 15035191.327931 -11933947.238231 1.00508
90 1407039026.00 2326 274226.00 14 0.835411552 0.296423352 0.462839859 24162869.52760 24162879.57909 217.64 16.13 11.82869 19.48120 7.83245 20185905.013152 7162426.253185 11183519.549335 3.57535
90 1407039026.00 2326 274226.00 16 -0.630847660 0.184469183 -0.753659306 23617507.98966 23617519.89600 42.47 18.34 8.72597 14.37118 6.94002 -14899046.022216 4356701.343249 -17799550.336502 3.16225
90 1407039026.00 2326 274226.00 20 0.586151303 -0.471099949 -0.659159683 24124132.80578 24124136.50885 309.63 15.89 10.85764 17.88192 7.94620 14140365.845692 -11364856.803397 -15901626.469984 3.62817
90 1407039026.00 2326 274226.00 27 -0.659475063 0.590555189 -0.465120641 22864571.19495 22864582.39940 72.76 25.38 7.88188 12.98102 5.12311 -15078614.558761 13502791.205788 -10634784.028896 2.32727
90 1407039026.00 2326 274226.00 30 0.879874320 -0.100750144 -0.464403477 22750811.61288 22750824.46960 282.82 32.94 7.78143 12.81559 4.04832 20017809.440959 -2292142.350325 -10565532.023098 1.83649
91 1407039027.00 2326 274227.00 04 -0.126962080 0.983669930 -0.127569975 21486783.51969 21486807.47511 121.09 46.68 5.78365 9.52535 3.03144 -2728003.492151 21135877.763065 -2741065.176649 1.37379
91 1407039027.00 2326 274227.00 07 0.554807187 0.257294169 -0.791194474 21386646.91496 21386669.79969 315.34 59.15 5.05711 8.32878 2.57066 11865433.213006 5502644.615025 -16920950.936493 1.16455
91 1407039027.00 2326 274227.00 08 -0.401991745 0.913070540 -0.068591735 22344044.31608 22344052.07039 110.12 32.28 7.24431 11.93098 4.12149 -8982120.897664 20401687.561039 -1532616.686234 1.86984
91 1407039027.00 2326 274227.00 09 0.302640081 0.746617171 -0.592428714 20140402.06003 20140420.98640 74.78 84.23 4.45759 7.34141 2.21918 6095284.134560 15037148.351945 -11931735.320652 1.00508
91 1407039027.00 2326 274227.00 14 0.835456692 0.296465996 0.462731055 24162224.13116 24162234.19277 217.64 16.14 11.82627 19.47721 7.82941 20186456.487089 7163265.291397 11180591.870324 3.57395
91 1407039027.00 2326 274227.00 16 -0.630915299 0.184382239 -0.753623962 23618192.77087 23618204.67637 42.47 18.33 8.72651 14.37207 6.94237 -14901075.476482 4354774.198461 -17799231.619030 3.16333
91 1407039027.00 2326 274227.00 20 0.586245759 -0.471051971 -0.659109969 24123858.88788 24123862.59187 309.62 15.89 10.85685 17.88062 7.94498 14142483.892906 -11363570.324207 -15900246.587386 3.62761
91 1407039027.00 2326 274227.00 27 -0.659474843 0.590472485 -0.465225941 22864562.78164 22864573.98706 72.75 25.38 7.88150 12.98039 5.12309 -15078603.957707 13500895.208098 -10637187.730972 2.32727
91 1407039027.00 2326 274227.00 30 0.879820542 -0.100712782 -0.464513455 22750433.43162 22750446.28763 282.83 32.95 7.78036 12.81383 4.04782 20016253.173726 -2291254.229664 -10567858.416230 1.83626
92 1407039028.00 2326 274228.00 04 -0.126978639 0.983686536 -0.127425370 21487183.21082 21487207.16519 121.10 46.67 5.78399 9.52591 3.03176 -2728410.037037 21136627.760011 -2738009.029198 1.37394
92 1407039028.00 2326 274228.00 07 0.554704268 0.257342305 -0.791250979 21386503.02175 21386525.90484 315.35 59.15 5.05676 8.32820 2.57058 11863152.334512 5503637.063485 -16922045.561002 1.16451
92 1407039028.00 2326 274228.00 08 -0.402009462 0.913052259 -0.068731110 22343711.03223 22343718.78733 110.11 32.28 7.24343 11.92952 4.12103 -8982382.797437 20400974.809190 -1535707.975495 1.86963
92 1407039028.00 2326 274228.00 09 0.302617842 0.746713714 -0.592318386 20140418.57057 20140437.49812 74.86 84.23 4.45744 7.34116 2.21919 6094841.242741 15039105.124180 -11929523.069025 1.00509
92 1407039028.00 2326 274228.00 14 0.835501824 0.296508630 0.462622238 24161578.69152 24161588.75711 217.65 16.14 11.82386 19.47323 7.82638 20187007.726354 7164104.064747 11177664.032679 3.57254
92 1407039028.00 2326 274228.00 16 -0.630982935 0.184295306 -0.753588598 23618877.51040 23618889.41448 42.47 18.32 8.72705 14.37296 6.94473 -14903105.006991 4352847.201773 -17798912.432428 3.16442
92 1407039028.00 2326 274228.00 20 0.586340211 -0.471003998 -0.659060234 24123585.00366 24123588.70640 309.61 15.89 10.85606 17.87933 7.94377 14144601.862095 -11362284.045785 -15898866.289579 3.62704
92 1407039028.00 2326 274228.00 27 -0.659474623 0.590389764 -0.465331224 22864554.40943 22864565.61454 72.74 25.38 7.88112 12.97977 5.12308 -15078593.422781 13498998.905667 -10639591.117604 2.32726
92 1407039028.00 2326 274228.00 30 0.879766751 -0.100675409 -0.464623423 22750055.19746 22750068.05365 282.83 32.95 7.77929 12.81206 4.04731 20014696.686384 -2290365.917432 -10570184.513481 1.83603
93 1407039029.00 2326 274229.00 04 -0.126995191 0.983703120 -0.127280764 21487582.93868 21487606.89190 121.11 46.67 5.78433 9.52647 3.03208 -2728816.469440 21137377.401671 -2734952.744989 1.37409
93 1407039029.00 2326 274229.00 07 0.554601345 0.257390451 -0.791307465 21386359.10607 21386381.98947 315.37 59.16 5.05640 8.32761 2.57050 11860871.387386 5504629.695218 -16923139.771359 1.16448
93 1407039029.00 2326 274229.00 08 -0.402027177 0.913033956 -0.068870483 22343377.80491 22343385.56532 110.10 32.29 7.24254 11.92806 4.12058 -8982644.694322 20400261.681599 -1538799.151451 1.86942
93 1407039029.00 2326 274229.00 09 0.302595609 0.746810241 -0.592208039 20140435.13876 20140454.06625 74.94 84.23 4.45729 7.34092 2.21919 6094398.497079 15041061.644582 -11927310.483397 1.00509
93 1407039029.00 2326 274229.00 14 0.835546947 0.296551256 0.462513408 24160933.23590 24160943.31339 217.65 16.15 11.82144 19.46925 7.82336 20187558.730899 7164942.573256 11174736.036459 3.57114
93 1407039029.00 2326 274229.00 16 -0.631050570 0.184208385 -0.753553216 23619562.24328 23619574.14551 42.47 18.32 8.72759 14.37385 6.94709 -14905134.613687 4350920.353229 -17798592.776703 3.16551
93 1407039029.00 2326 274229.00 20 0.586434659 -0.470956030 -0.659010477 24123311.17635 24123314.87881 309.61 15.89 10.85527 17.87803 7.94255 14146719.753195 -11360997.968138 -15897485.576589 3.62648
93 1407039029.00 2326 274229.00 27 -0.659474402 0.590307026 -0.465436492 22864546.12381 22864557.32822 72.73 25.38 7.88074 12.97914 5.12306 -15078582.954026 13497102.298538 -10641994.188738 2.32725
93 1407039029.00 2326 274229.00 30 0.879712948 -0.100638027 -0.464733382 22749676.93723 22749689.79183 282.84 32.96 7.77822 12.81029 4.04680 20013139.978985 -2289477.413610 -10572510.314800 1.83580
94 1407039030.00 2326 274230.00 04 -0.127011737 0.983719684 -0.127136157 21487982.69793 21488006.65255 121.12 46.66 5.78467 9.52703 3.03240 -2729222.789405 21138126.688015 -2731896.324084 1.37423
94 1407039030.00 2326 274230.00 07 0.554498416 0.257438605 -0.791363931 21386215.17137 21386238.05530 315.38 59.16 5.05605 8.32703 2.57042 11858590.371687 5505622.510218 -16924233.567542 1.16444
94 1407039030.00 2326 274230.00 08 -0.402044892 0.913015632 -0.069009855 22343044.62610 22343052.38703 110.09 32.29 7.24165 11.92660 4.12012 -8982906.588373 20399548.178277 -1541890.214033 1.86921
94 1407039030.00 2326 274230.00 09 0.302573382 0.746906752 -0.592097672 20140451.76043 20140470.68664 75.03 84.23 4.45714 7.34067 2.21920 6093955.897545 15043017.913098 -11925097.563817 1.00509
94 1407039030.00 2326 274230.00 14 0.835592062 0.296593872 0.462404565 24160287.76639 24160297.84745 217.65 16.16 11.81902 19.46527 7.82033 20188109.500680 7165780.816945 11171807.881727 3.56973
94 1407039030.00 2326 274230.00 16 -0.631118203 0.184121474 -0.753517814 23620246.96874 23620258.87312 42.47 18.31 8.72813 14.37474 6.94945 -14907164.296517 4348993.652872 -17798272.651865 3.16660
94 1407039030.00 2326 274230.00 20 0.586529104 -0.470908067 -0.658960699 24123037.40821 24123041.11154 309.60 15.90 10.85448 17.87673 7.94133 14148837.566144 -11359712.091277 -15896104.448446 3.62591
94 1407039030.00 2326 274230.00 27 -0.659474180 0.590224272 -0.465541743 22864537.91773 22864549.12591 72.72 25.38 7.88036 12.97851 5.12305 -15078572.551488 13495205.386751 -10644396.944320 2.32725
94 1407039030.00 2326 274230.00 30 0.879659133 -0.100600635 -0.464843330 22749298.65378 22749311.50998 282.85 32.96 7.77715 12.80853 4.04630 20011583.051580 -2288588.718181 -10574835.820141 1.83557
95 1407039031.00 2326 274231.00 04 -0.127028276 0.983736227 -0.126991548 21488382.46670 21488406.41956 121.12 46.65 5.78501 9.52759 3.03273 -2729628.996977 21138875.619015 -2728839.766551 1.37438
95 1407039031.00 2326 274231.00 07 0.554395481 0.257486768 -0.791420378 21386071.19291 21386094.07864 315.39 59.16 5.05569 8.32644 2.57035 11856309.287475 5506615.508481 -16925326.949526 1.16441
95 1407039031.00 2326 274231.00 08 -0.402062605 0.912997287 -0.069149226 22342711.47166 22342719.23022 110.09 32.30 7.24077 11.92514 4.11966 -8983168.479637 20398834.299234 -1544981.163174 1.86901
95 1407039031.00 2326 274231.00 09 0.302551160 0.747003246 -0.591987286 20140468.41198 20140487.33975 75.11 84.22 4.45700 7.34042 2.21921 6093513.444109 15044973.929676 -11922884.310331 1.00510
95 1407039031.00 2326 274231.00 14 0.835637168 0.296636479 0.462295709 24159642.26034 24159652.33512 217.65 16.16 11.81661 19.46129 7.81731 20188660.035648 7166618.795837 11168879.568544 3.56833
95 1407039031.00 2326 274231.00 16 -0.631185835 0.184034574 -0.753482394 23620931.65880 23620943.56069 42.47 18.30 8.72867 14.37563 6.95181 -14909194.055426 4347067.100746 -17797952.057923 3.16769
95 1407039031.00 2326 274231.00 20 0.586623545 -0.470860110 -0.658910900 24122763.67508 24122767.38017 309.59 15.90 10.85369 17.87543 7.94012 14150955.300877 -11358426.415210 -15894722.905179 3.62535
95 1407039031.00 2326 274231.00 27 -0.659473958 0.590141501 -0.465646978 22864529.76684 22864540.97171 72.71 25.38 7.87998 12.97789 5.12303 -15078562.215209 13493308.170349 -10646799.384299 2.32724
95 1407039031.00 2326 274231.00 30 0.879605306 -0.100563234 -0.464953269 22748920.32181 22748933.18052 282.85 32.96 7.77608 12.80676 4.04579 20010025.904222 -2287699.831124 -10577161.029453 1.83534
96 1407039032.00 2326 274232.00 04 -0.127044809 0.983752749 -0.126846938 21488782.36600 21488806.31892 121.13 46.65 5.78535 9.52815 3.03305 -2730035.092202 21139624.194641 -2725783.072455 1.37453
96 1407039032.00 2326 274232.00 07 0.554292542 0.257534940 -0.791476805 21385927.28751 21385950.17328 315.41 59.17 5.05534 8.32586 2.57027 11854028.134811 5507608.690000 -16926419.917291 1.16437
96 1407039032.00 2326 274232.00 08 -0.402080316 0.912978921 -0.069288596 22342378.46564 22342386.22703 110.08 32.30 7.23988 11.92368 4.11920 -8983430.368167 20398120.044482 -1548071.998806 1.86880
96 1407039032.00 2326 274232.00 09 0.302528945 0.747099723 -0.591876880 20140485.21442 20140504.14184 75.19 84.22 4.45685 7.34018 2.21921 6093071.136743 15046929.694264 -11920670.722988 1.00510
96 1407039032.00 2326 274232.00 14 0.835682266 0.296679078 0.462186840 24158996.83935 24159006.89824 217.66 16.17 11.81419 19.45732 7.81429 20189210.335757 7167456.509951 11165951.096972 3.56693
96 1407039032.00 2326 274232.00 16 -0.631253464 0.183947685 -0.753446954 23621616.43944 23621628.34252 42.47 18.30 8.72921 14.37652 6.95417 -14911223.890362 4345140.696895 -17797630.994885 3.16878
96 1407039032.00 2326 274232.00 20 0.586717982 -0.470812157 -0.658861079 24122490.10029 24122493.80656 309.59 15.90 10.85291 17.87413 7.93891 14153072.957331 -11357140.939946 -15893340.946816 3.62478
96 1407039032.00 2326 274232.00 27 -0.659473734 0.590058713 -0.465752196 22864521.79254 22864533.00042 72.71 25.38 7.87960 12.97726 5.12302 -15078551.945236 13491410.649371 -10649201.508620 2.32723
96 1407039032.00 2326 274232.00 30 0.879551466 -0.100525822 -0.465063198 22748542.06557 22748554.92578 282.86 32.97 7.77500 12.80500 4.04529 20008468.536964 -2286810.752424 -10579485.942689 1.83511
97 1407039033.00 2326 274233.00 04 -0.127061336 0.983769250 -0.126702326 21489182.49290 21489206.44565 121.14 46.64 5.78569 9.52871 3.03337 -2730441.075124 21140372.414866 -2722726.241860 1.37467
97 1407039033.00 2326 274233.00 07 0.554189597 0.257583120 -0.791533213 21385783.55795 21385806.44400 315.42 59.17 5.05498 8.32527 2.57019 11851746.913754 5508602.054773 -16927512.470812 1.16434
97 1407039033.00 2326 274233.00 08 -0.402098027 0.912960533 -0.069427965 22342045.70511 22342053.46487 110.07 32.30 7.23899 11.92222 4.11874 -8983692.254013 20397405.414033 -1551162.720862 1.86859
97 1407039033.00 2326 274233.00 09 0.302506735 0.747196185 -0.591766455 20140502.26882 20140521.19545 75.28 84.22 4.45670 7.33993 2.21922 6092628.975416 15048885.206808 -11918456.801836 1.00510
97 1407039033.00 2326 274233.00 14 0.835727356 0.296721667 0.462077958 24158351.59762 24158361.63646 217.66 16.18 11.81178 19.45334 7.81127 20189760.400960 7168293.959311 11163022.467074 3.56553
97 1407039033.00 2326 274233.00 16 -0.631321092 0.183860807 -0.753411496 23622301.39934 23622313.29920 42.47 18.29 8.72975 14.37741 6.95654 -14913253.801269 4343214.441364 -17797309.462763 3.16987
97 1407039033.00 2326 274233.00 20 0.586812416 -0.470764210 -0.658811238 24122216.78048 24122220.48692 309.58 15.90 10.85212 17.87284 7.93769 14155190.535442 -11355855.665494 -15891958.573386 3.62422
97 1407039033.00 2326 274233.00 27 -0.659473510 0.589975909 -0.465857399 22864514.09131 22864525.29679 72.70 25.38 7.87922 12.97664 5.12301 -15078541.741612 13489512.823859 -10651603.317230 2.32723
97 1407039033.00 2326 274233.00 30 0.879497614 -0.100488401 -0.465173117 22748163.97870 22748176.83832 282.87 32.97 7.77393 12.80324 4.04478 20006910.949857 -2285921.482061 -10581810.559801 1.83488
98 1407039034.00 2326 274234.00 04 -0.127077857 0.983785731 -0.126557713 21489582.81866 21489606.77043 121.15 46.64 5.78603 9.52927 3.03370 -2730846.945790 21141120.279659 -2719669.274834 1.37482
98 1407039034.00 2326 274234.00 07 0.554086647 0.257631310 -0.791589601 21385639.97072 21385662.85686 315.43 59.17 5.05463 8.32469 2.57011 11849465.624365 5509595.602792 -16928604.610069 1.16430
98 1407039034.00 2326 274234.00 08 -0.402115736 0.912942124 -0.069567332 22341713.15694 22341720.91761 110.06 32.31 7.23811 11.92076 4.11829 -8983954.137224 20396690.407897 -1554253.329273 1.86838
98 1407039034.00 2326 274234.00 09 0.302484531 0.747292629 -0.591656011 20140519.54129 20140538.46837 75.36 84.22 4.45655 7.33968 2.21923 6092186.960098 15050840.467257 -11916242.546921 1.00511
98 1407039034.00 2326 274234.00 14 0.835772437 0.296764247 0.461969063 24157706.50146 24157716.54514 217.66 16.18 11.80936 19.44936 7.80826 20190310.231211 7169131.143936 11160093.678911 3.56413
98 1407039034.00 2326 274234.00 16 -0.631388719 0.183773941 -0.753376018 23622986.51414 23622998.41218 42.47 18.28 8.73028 14.37829 6.95890 -14915283.788093 4341288.334196 -17796987.461563 3.17097
98 1407039034.00 2326 274234.00 20 0.586906846 -0.470716268 -0.658761375 24121943.67970 24121947.38610 309.57 15.91 10.85133 17.87154 7.93648 14157308.035147 -11354570.591862 -15890575.784917 3.62366
98 1407039034.00 2326 274234.00 27 -0.659473285 0.589893088 -0.465962584 22864506.63918 22864517.84616 72.69 25.38 7.87884 12.97601 5.12299 -15078531.604383 13487614.693856 -10654004.810076 2.32722
98 1407039034.00 2326 274234.00 30 0.879443749 -0.100450970 -0.465283027 22747786.03035 22747798.88689 282.87 32.98 7.77286 12.80147 4.04428 20005353.142953 -2285032.020016 -10584134.880739 1.83465
99 1407039035.00 2326 274235.00 04 -0.127094371 0.983802190 -0.126413098 21489983.19294 21490007.14405 121.16 46.63 5.78637 9.52983 3.03402 -2731252.704244 21141867.788993 -2716612.171440 1.37497
99 1407039035.00 2326 274235.00 07 0.553983691 0.257679509 -0.791645969 21385496.37341 21385519.25847 315.44 59.17 5.05427 8.32411 2.57004 11847184.266705 5510589.334054 -16929696.335037 1.16427
99 1407039035.00 2326 274235.00 08 -0.402133443 0.912923693 -0.069706698 22341380.67328 22341388.43580 110.05 32.31 7.23722 11.91930 4.11783 -8984216.017851 20395975.026085 -1557343.823973 1.86817
99 1407039035.00 2326 274235.00 09 0.302462332 0.747389058 -0.591545547 20140536.88075 20140555.80821 75.44 84.22 4.45640 7.33944 2.21923 6091745.090761 15052795.475556 -11914027.958291 1.00511
99 1407039035.00 2326 274235.00 14 0.835817510 0.296806818 0.461860155 24157061.40606 24157071.44600 217.67 16.19 11.80695 19.44539 7.80524 20190859.826463 7169968.063849 11157164.732544 3.56273
99 1407039035.00 2326 274235.00 16 -0.631456343 0.183687085 -0.753340522 23623671.63465 23623683.53248 42.47 18.28 8.73082 14.37918 6.96127 -14917313.850781 4339362.375434 -17796664.991297 3.17206
99 1407039035.00 2326 274235.00 20 0.587001272 -0.470668332 -0.658711491 24121670.64648 24121674.35073 309.57 15.91 10.85054 17.87024 7.93527 14159425.456382 -11353285.719060 -15889192.581439 3.62309
99 1407039035.00 2326 274235.00 27 -0.659473060 0.589810251 -0.466067754 22864499.27876 22864510.48564 72.68 25.38 7.87846 12.97539 5.12298 -15078521.533591 13485716.259401 -10656405.987105 2.32722
99 1407039035.00 2326 274235.00 30 0.879389872 -0.100413529 -0.465392926 22747408.06869 22747420.92716 282.88 32.98 7.77179 12.79971 4.04377 20003795.116304 -2284142.366273 -10586458.905456 1.83442
100 1407039036.00 2326 274236.00 04 -0.127110879 0.983818629 -0.126268482 21490383.53316 21490407.48446 121.16 46.62 5.78671 9.53039 3.03434 -2731658.350532 21142614.942839 -2713554.931745 1.37511
100 1407039036.00 2326 274236.00 07 0.553880731 0.257727716 -0.791702318 21385352.69865 21385375.58365 315.46 59.18 5.05392 8.32352 2.56996 11844902.840832 5511583.248553 -16930787.645696 1.16423
100 1407039036.00 2326 274236.00 08 -0.402151150 0.912905242 -0.069846063 22341048.17478 22341055.93812 110.04 32.32 7.23633 11.91784 4.11737 -8984477.895945 20395259.268609 -1560434.204893 1.86796
100 1407039036.00 2326 274236.00 09 0.302440139 0.747485470 -0.591435064 20140554.21336 20140573.13901 75.52 84.22 4.45625 7.33919 2.21924 6091303.367374 15054750.231655 -11911813.035994 1.00511
100 1407039036.00 2326 274236.00 14 0.835862575 0.296849380 0.461751234 24156416.23341 24156426.27946 217.67 16.20 11.80454 19.44141 7.80223 20191409.186670 7170804.719071 11154235.628036 3.56133
100 1407039036.00 2326 274236.00 16 -0.631523966 0.183600240 -0.753305006 23624356.68342 23624368.57782 42.47 18.27 8.73136 14.38007 6.96364 -14919343.989279 4337436.565124 -17796342.051972 3.17316
100 1407039036.00 2326 274236.00 20 0.587095694 -0.470620400 -0.658661586 24121397.62106 24121401.32463 309.56 15.91 10.84976 17.86895 7.93406 14161542.799084 -11352001.047096 -15887808.962979 3.62253
100 1407039036.00 2326 274236.00 27 -0.659472834 0.589727397 -0.466172907 22864491.93357 22864503.13977 72.67 25.38 7.87808 12.97476 5.12297 -15078511.529283 13483817.520538 -10658806.848264 2.32721
100 1407039036.00 2326 274236.00 30 0.879335983 -0.100376079 -0.465502816 22747030.02673 22747042.88293 282.89 32.99 7.77072 12.79795 4.04327 20002236.869963 -2283252.520811 -10588782.633903 1.83419
101 1407039037.00 2326 274237.00 04 -0.127127381 0.983835047 -0.126123864 21490783.87757 21490807.82780 121.17 46.62 5.78705 9.53095 3.03467 -2732063.884699 21143361.741168 -2710497.555814 1.37526
101 1407039037.00 2326 274237.00 07 0.553777765 0.257775933 -0.791758647 21385208.96490 21385231.85242 315.47 59.18 5.05356 8.32294 2.56988 11842621.346808 5512577.346285 -16931878.542021 1.16420
101 1407039037.00 2326 274237.00 08 -0.402168855 0.912886769 -0.069985427 22340715.69778 22340723.45973 110.04 32.32 7.23545 11.91638 4.11692 -8984739.771555 20394543.135480 -1563524.471965 1.86776
101 1407039037.00 2326 274237.00 09 0.302417953 0.747581865 -0.591324561 20140571.56575 20140590.49276 75.61 84.21 4.45610 7.33895 2.21925 6090861.789908 15056704.735499 -11909597.780079 1.00512
101 1407039037.00 2326 274237.00 14 0.835907631 0.296891933 0.461642300 24155771.00899 24155781.06189 217.67 16.20 11.80212 19.43744 7.79923 20191958.311784 7171641.109623 11151306.365449 3.55994
101 1407039037.00 2326 274237.00 16 -0.631591587 0.183513407 -0.753269471 23625041.69222 23625053.58749 42.47 18.27 8.73190 14.38096 6.96601 -14921374.203533 4335510.903307 -17796018.643598 3.17425
101 1407039037.00 2326 274237.00 20 0.587190113 -0.470572474 -0.658611659 24121124.61543 24121128.31954 309.56 15.91 10.84897 17.86765 7.93285 14163660.063188 -11350716.575978 -15886424.929568 3.62197
101 1407039037.00 2326 274237.00 27 -0.659472607 0.589644526 -0.466278044 22864484.63957 22864495.84934 72.66 25.38 7.87770 12.97414 5.12295 -15078501.591502 13481918.477306 -10661207.393500 2.32720
101 1407039037.00 2326 274237.00 30 0.879282082 -0.100338618 -0.465612696 22746651.92178 22746664.78156 282.89 32.99 7.76965 12.79618 4.04277 20000678.403981 -2282362.483614 -10591106.066032 1.83396
102 1407039038.00 2326 274238.00 04 -0.127143876 0.983851444 -0.125979246 21491184.38467 21491208.33574 121.18 46.61 5.78739 9.53152 3.03499 -2732469.306790 21144108.183951 -2707440.043713 1.37541
102 1407039038.00 2326 274238.00 07 0.553674794 0.257824158 -0.791814957 21385065.34532 21385088.23181 315.48 59.18 5.05321 8.32235 2.56980 11840339.784692 5513571.627244 -16932969.023991 1.16416
102 1407039038.00 2326 274238.00 08 -0.402186558 0.912868274 -0.070124789 22340383.39947 22340391.16328 110.03 32.32 7.23456 11.91492 4.11646 -8985001.644733 20393826.626709 -1566614.625123 1.86755
102 1407039038.00 2326 274238.00 09 0.302395771 0.747678244 -0.591214040 20140589.10654 20140608.03309 75.69 84.21 4.45595 7.33870 2.21925 6090420.358334 15058658.987037 -11907382.190591 1.00512
102 1407039038.00 2326 274238.00 14 0.835952678 0.296934476 0.461533354 24155125.89685 24155135.95421 217.67 16.21 11.79971 19.43347 7.79622 20192507.201759 7172477.235527 11148376.944843 3.55854
102 1407039038.00 2326 274238.00 16 -0.631659207 0.183426584 -0.753233918 23625726.82643 23625738.71977 42.47 18.26 8.73244 14.38185 6.96839 -14923404.493488 4333585.390029 -17795694.766184 3.17535
102 1407039038.00 2326 274238.00 20 0.587284529 -0.470524553 -0.658561712 24120851.80161 24120855.50591 309.55 15.92 10.84818 17.86636 7.93164 14165777.248632 -11349432.305716 -15885040.481232 3.62141
102 1407039038.00 2326 274238.00 27 -0.659472379 0.589561638 -0.466383165 22864477.55642 22864488.76674 72.66 25.38 7.87733 12.97352 5.12294 -15078491.720293 13480019.129748 -10663607.622759 2.32720
102 1407039038.00 2326 274238.00 30 0.879228168 -0.100301148 -0.465722566 22746273.92415 22746286.78690 282.90 33.00 7.76858 12.79442 4.04226 19999119.718410 -2281472.254663 -10593429.201794 1.83373
103 1407039039.00 2326 274239.00 04 -0.127160365 0.983867821 -0.125834625 21491585.00348 21491608.95454 121.19 46.60 5.78773 9.53208 3.03531 -2732874.616850 21144854.271160 -2704382.395507 1.37555
103 1407039039.00 2326 274239.00 07 0.553571818 0.257872392 -0.791871247 21384921.78531 21384944.67177 315.50 59.19 5.05285 8.32177 2.56973 11838058.154544 5514566.091424 -16934059.091582 1.16413
103 1407039039.00 2326 274239.00 08 -0.402204261 0.912849759 -0.070264150 22340051.22827 22340058.99065 110.02 32.33 7.23368 11.91347 4.11600 -8985263.515529 20393109.742307 -1569704.664297 1.86734
103 1407039039.00 2326 274239.00 09 0.302373596 0.747774607 -0.591103498 20140606.78034 20140625.70823 75.77 84.21 4.45580 7.33845 2.21926 6089979.072622 15060612.986216 -11905166.267580 1.00512
103 1407039039.00 2326 274239.00 14 0.835997717 0.296977011 0.461424394 24154480.85226 24154490.92003 217.68 16.22 11.79730 19.42950 7.79322 20193055.856548 7173313.096804 11145447.366281 3.55715
103 1407039039.00 2326 274239.00 16 -0.631726824 0.183339772 -0.753198345 23626412.02534 23626423.91724 42.47 18.25 8.73298 14.38273 6.97076 -14925434.859091 4331660.025333 -17795370.419740 3.17644
103 1407039039.00 2326 274239.00 20 0.587378940 -0.470476637 -0.658511743 24120579.12956 24120582.83465 309.54 15.92 10.84740 17.86506 7.93043 14167894.355352 -11348148.236319 -15883655.618002 3.62085
103 1407039039.00 2326 274239.00 27 -0.659472150 0.589478734 -0.466488269 22864470.62854 22864481.84165 72.65 25.38 7.87695 12.97289 5.12293 -15078481.915700 13478119.477905 -10666007.535988 2.32719
103 1407039039.00 2326 274239.00 30 0.879174242 -0.100263668 -0.465832426 22745895.98875 22745908.84841 282.91 33.00 7.76751 12.79266 4.04176 19997560.813304 -2280581.833940 -10595752.041140 1.83350
104 1407039040.00 2326 274240.00 04 -0.127176848 0.983884176 -0.125690004 21491985.72809 21492009.67958 121.19 46.60 5.78808 9.53264 3.03564 -2733279.814926 21145600.002766 -2701324.611261 1.37570
104 1407039040.00 2326 274240.00 07 0.553468836 0.257920635 -0.791927518 21384778.27154 21384801.15667 315.51 59.19 5.05250 8.32119 2.56965 11835776.456426 5515560.738822 -16935148.744774 1.16409
104 1407039040.00 2326 274240.00 08 -0.402221962 0.912831222 -0.070403510 22339719.18209 22339726.94573 110.01 32.33 7.23279 11.91201 4.11555 -8985525.383993 20392392.482287 -1572794.589421 1.86713
104 1407039040.00 2326 274240.00 09 0.302351426 0.747870953 -0.590992938 20140624.57955 20140643.50644 75.85 84.21 4.45565 7.33821 2.21927 6089537.932741 15062566.732983 -11902950.011092 1.00513
104 1407039040.00 2326 274240.00 14 0.836042748 0.297019537 0.461315421 24153835.86400 24153845.93763 217.68 16.22 11.79489 19.42553 7.79022 20193604.276105 7174148.693476 11142517.629825 3.55576
104 1407039040.00 2326 274240.00 16 -0.631794440 0.183252972 -0.753162754 23627097.29086 23627109.18823 42.46 18.25 8.73352 14.38362 6.97314 -14927465.300287 4329734.809263 -17795045.604274 3.17754
104 1407039040.00 2326 274240.00 20 0.587473348 -0.470428726 -0.658461753 24120306.57988 24120310.28526 309.54 15.92 10.84661 17.86377 7.92923 14170011.383283 -11346864.367795 -15882270.339906 3.62029
104 1407039040.00 2326 274240.00 27 -0.659471921 0.589395814 -0.466593357 22864463.85918 22864475.06797 72.64 25.38 7.87657 12.97227 5.12292 -15078472.177768 13476219.521818 -10668407.133134 2.32719
104 1407039040.00 2326 274240.00 30 0.879120304 -0.100226179 -0.465942276 22745518.09369 22745530.95144 282.91 33.01 7.76644 12.79090 4.04125 19996001.688713 -2279691.221426 -10598074.584024 1.83327
105 1407039041.00 2326 274241.00 04 -0.127193325 0.983900511 -0.125545380 21492386.67668 21492410.62857 121.20 46.59 5.78842 9.53320 3.03596 -2733684.901062 21146345.378739 -2698266.691041 1.37585
105 1407039041.00 2326 274241.00 07 0.553365850 0.257968887 -0.791983769 21384634.92827 21384657.81470 315.52 59.19 5.05215 8.32060 2.56957 11833494.690396 5516555.569432 -16936237.983542 1.16406
105 1407039041.00 2326 274241.00 08 -0.402239662 0.912812663 -0.070542868 22339387.37702 22339395.14087 110.00 32.34 7.23191 11.91055 4.11509 -8985787.250175 20391674.846658 -1575884.400427 1.86692
105 1407039041.00 2326 274241.00 09 0.302329263 0.747967283 -0.590882358 20140642.62328 20140661.55131 75.93 84.21 4.45550 7.33796 2.21928 6089096.938664 15064520.227285 -11900733.421176 1.00513
105 1407039041.00 2326 274241.00 14 0.836087771 0.297062053 0.461206436 24153191.04967 24153201.12959 217.68 16.23 11.79248 19.42156 7.78722 20194152.460384 7174984.025564 11139587.735537 3.55436
105 1407039041.00 2326 274241.00 16 -0.631862054 0.183166182 -0.753127143 23627782.74210 23627794.63968 42.46 18.24 8.73406 14.38451 6.97552 -14929495.817022 4327809.741863 -17794720.319797 3.17864
105 1407039041.00 2326 274241.00 20 0.587567752 -0.470380820 -0.658411741 24120034.28480 24120037.99106 309.53 15.92 10.84583 17.86247 7.92802 14172128.332363 -11345580.700152 -15880884.646972 3.61973
105 1407039041.00 2326 274241.00 27 -0.659471691 0.589312876 -0.466698428 22864457.35889 22864468.56853 72.63 25.38 7.87619 12.97165 5.12291 -15078462.506541 13474319.261529 -10670806.414145 2.32718
105 1407039041.00 2326 274241.00 30 0.879066353 -0.100188679 -0.466052117 22745140.36837 22745153.22566 282.92 33.01 7.76537 12.78914 4.04075 19994442.344691 -2278800.417103 -10600396.830395 1.83304
106 1407039042.00 2326 274242.00 04 -0.127209795 0.983916825 -0.125400756 21492787.63897 21492811.59000 121.21 46.58 5.78876 9.53376 3.03629 -2734089.875304 21147090.399053 -2695208.634913 1.37600
106 1407039042.00 2326 274242.00 07 0.553262858 0.258017148 -0.792040000 21384491.54732 21384514.43489 315.54 59.20 5.05179 8.32002 2.56950 11831212.856515 5517550.583248 -16937326.807865 1.16402
106 1407039042.00 2326 274242.00 08 -0.402257360 0.912794084 -0.070682226 22339055.59992 22339063.36679 109.99 32.34 7.23102 11.90909 4.11464 -8986049.114126 20390956.835432 -1578974.097246 1.86672
106 1407039042.00 2326 274242.00 09 0.302307104 0.748063596 -0.590771759 20140660.70622 20140679.63452 76.02 84.20 4.45535 7.33772 2.21928 6088656.090359 15066473.469071 -11898516.497879 1.00513
106 1407039042.00 2326 274242.00 14 0.836132785 0.297104561 0.461097437 24152546.20718 24152556.28810 217.69 16.24 11.79007 19.41759 7.78422 20194700.409336 7175819.093090 11136657.683478 3.55297
106 1407039042.00 2326 274242.00 16 -0.631929667 0.183079404 -0.753091514 23628468.16061 23628480.05475 42.46 18.23 8.73460 14.38539 6.97789 -14931526.409243 4325884.823176 -17794394.566316 3.17974
106 1407039042.00 2326 274242.00 20 0.587662152 -0.470332920 -0.658361709 24119762.03064 24119765.73765 309.52 15.93 10.84504 17.86118 7.92681 14174245.202529 -11344297.233400 -15879498.539230 3.61917
106 1407039042.00 2326 274242.00 27 -0.659471460 0.589229922 -0.466803483 22864450.91741 22864462.12747 72.62 25.38 7.87581 12.97103 5.12290 -15078452.902063 13472418.697079 -10673205.378966 2.32718
106 1407039042.00 2326 274242.00 30 0.879012390 -0.100151170 -0.466161948 22744762.60062 22744775.45739 282.93 33.02 7.76430 12.78737 4.04025 19992882.781288 -2277909.420954 -10602718.780206 1.83281
107 1407039043.00 2326 274243.00 04 -0.127226259 0.983933118 -0.125256130 21493188.54170 21493212.49234 121.22 46.58 5.78910 9.53433 3.03661 -2734494.737696 21147835.063677 -2692150.442941 1.37614
107 1407039043.00 2326 274243.00 07 0.553159860 0.258065418 -0.792096212 21384348.04935 21384370.93590 315.55 59.20 5.05144 8.31944 2.56942 11828930.954843 5518545.780266 -16938415.217719 1.16399
107 1407039043.00 2326 274243.00 08 -0.402275057 0.912775483 -0.070821582 22338723.78343 22338731.55021 109.99 32.34 7.23014 11.90764 4.11418 -8986310.975896 20390238.448621 -1582063.679812 1.86651
107 1407039043.00 2326 274243.00 09 0.302284952 0.748159892 -0.590661141 20140678.75052 20140697.67817 76.10 84.20 4.45520 7.33747 2.21929 6088215.387798 15068426.458287 -11896299.241249 1.00513
107 1407039043.00 2326 274243.00 14 0.836177790 0.297147059 0.460988425 24151901.25317 24151911.33305 217.69 16.24 11.78766 19.41362 7.78123 20195248.122917 7176653.896075 11133727.473710 3.55158
107 1407039043.00 2326 274243.00 16 -0.631997277 0.182992636 -0.753055865 23629153.48092 23629165.37482 42.46 18.23 8.73513 14.38628 6.98028 -14933557.076895 4323960.053247 -17794068.343842 3.18084
107 1407039043.00 2326 274243.00 20 0.587756549 -0.470285024 -0.658311655 24119489.73994 24119493.44736 309.52 15.93 10.84426 17.85989 7.92561 14176361.993715 -11343013.967547 -15878112.016708 3.61861
107 1407039043.00 2326 274243.00 27 -0.659471229 0.589146952 -0.466908522 22864444.46165 22864455.67370 72.61 25.38 7.87544 12.97041 5.12288 -15078443.364380 13470517.828510 -10675604.027545 2.32717
107 1407039043.00 2326 274243.00 30 0.878958415 -0.100113651 -0.466271768 22744384.70994 22744397.56970 282.93 33.02 7.76323 12.78561 4.03974 19991322.998558 -2277018.232960 -10605040.433408 1.83258
108 1407039044.00 2326 274244.00 04 -0.127242716 0.983949390 -0.125111503 21493589.52663 21493613.47795 121.23 46.57 5.78944 9.53489 3.03693 -2734899.488286 21148579.372584 -2689092.115193 1.37629
108 1407039044.00 2326 274244.00 07 0.553056858 0.258113697 -0.792152404 21384204.57972 21384227.46744 315.56 59.20 5.05108 8.31885 2.56934 11826648.985441 5519541.160480 -16939503.213083 1.16395
108 1407039044.00 2326 274244.00 08 -0.402292753 0.912756860 -0.070960936 22338392.06285 22338399.83009 109.98 32.35 7.22926 11.90618 4.11372 -8986572.835535 20389519.686236 -1585153.148057 1.86630
108 1407039044.00 2326 274244.00 09 0.302262805 0.748256173 -0.590550503 20140696.89549 20140715.82341 76.18 84.20 4.45505 7.33723 2.21930 6087774.830951 15070379.194881 -11894081.651334 1.00514
108 1407039044.00 2326 274244.00 14 0.836222787 0.297189549 0.460879401 24151256.33418 24151266.40877 217.69 16.25 11.78525 19.40965 7.77823 20195795.601079 7177488.434540 11130797.106295 3.55020
108 1407039044.00 2326 274244.00 16 -0.632064886 0.182905880 -0.753020198 23629838.83854 23629850.73104 42.46 18.22 8.73567 14.38717 6.98266 -14935587.819924 4322035.432118 -17793741.652384 3.18194
108 1407039044.00 2326 274244.00 20 0.587850942 -0.470237134 -0.658261580 24119217.55504 24119221.26208 309.51 15.93 10.84347 17.85859 7.92441 14178478.705859 -11341730.902602 -15876725.079435 3.61805
108 1407039044.00 2326 274244.00 27 -0.659470996 0.589063964 -0.467013544 22864438.13662 22864449.34863 72.60 25.38 7.87506 12.96979 5.12287 -15078433.893535 13468616.655863 -10678002.359829 2.32717
108 1407039044.00 2326 274244.00 30 0.878904427 -0.100076122 -0.466381579 22744006.84342 22744019.70496 282.94 33.03 7.76216 12.78385 4.03924 19989762.996552 -2276126.853102 -10607361.789954 1.83235
109 1407039045.00 2326 274245.00 04 -0.127259168 0.983965642 -0.124966874 21493990.60157 21494014.55197 121.23 46.56 5.78978 9.53545 3.03726 -2735304.127116 21149323.325744 -2686033.651732 1.37644
109 1407039045.00 2326 274245.00 07 0.552953851 0.258161985 -0.792208577 21384061.14663 21384084.03389 315.57 59.20 5.05073 8.31827 2.56926 11824366.948368 5520536.723886 -16940590.793935 1.16392
109 1407039045.00 2326 274245.00 08 -0.402310448 0.912738217 -0.071100290 22338060.45283 22338068.21841 109.97 32.35 7.22837 11.90473 4.11327 -8986834.693095 20388800.548289 -1588242.501912 1.86609
109 1407039045.00 2326 274245.00 09 0.302240665 0.748352436 -0.590439846 20140715.15102 20140734.08001 76.26 84.20 4.45490 7.33698 2.21930 6087334.419788 15072331.678800 -11891863.728180 1.00514
109 1407039045.00 2326 274245.00 14 0.836267776 0.297232029 0.460770364 24150611.45724 24150621.53357 217.69 16.26 11.78284 19.40569 7.77525 20196342.843776 7178322.708508 11127866.581295 3.54881
109 1407039045.00 2326 274245.00 16 -0.632132494 0.182819135 -0.752984511 23630524.24240 23630536.13390 42.46 18.21 8.73621 14.38805 6.98504 -14937618.638276 4320110.959834 -17793414.491951 3.18304
109 1407039045.00 2326 274245.00 20 0.587945331 -0.470189249 -0.658211484 24118945.49061 24118949.19719 309.50 15.93 10.84269 17.85730 7.92320 14180595.338897 -11340448.038574 -15875337.727440 3.61749
109 1407039045.00 2326 274245.00 27 -0.659470763 0.588980961 -0.467118550 22864431.94994 22864443.16179 72.60 25.38 7.87468 12.96916 5.12286 -15078424.489573 13466715.179180 -10680400.375765 2.32716
109 1407039045.00 2326 274245.00 30 0.878850427 -0.100038584 -0.466491381 22743629.01211 22743641.87271 282.95 33.03 7.76109 12.78209 4.03874 19988202.775322 -2275235.281363 -10609682.849793 1.83212
110 1407039046.00 2326 274246.00 04 -0.127275613 0.983981873 -0.124822244 21494391.75853 21494415.70999 121.24 46.56 5.79013 9.53602 3.03758 -2735708.654234 21150066.923129 -2682975.052625 1.37659
110 1407039046.00 2326 274246.00 07 0.552850838 0.258210281 -0.792264730 21383917.74152 21383940.62893 315.59 59.21 5.05037 8.31769 2.56919 11822084.843685 5521532.470478 -16941677.960250 1.16388
110 1407039046.00 2326 274246.00 08 -0.402328141 0.912719552 -0.071239642 22337728.93795 22337736.70514 109.96 32.36 7.22749 11.90327 4.11282 -8987096.548624 20388081.034790 -1591331.741311 1.86589
110 1407039046.00 2326 274246.00 09 0.302218530 0.748448684 -0.590329170 20140733.51350 20140752.44186 76.35 84.20 4.45476 7.33674 2.21931 6086894.154279 15074283.909992 -11889645.471837 1.00514
110 1407039046.00 2326 274246.00 14 0.836312756 0.297274500 0.460661313 24149966.60904 24149976.68158 217.70 16.26 11.78043 19.40172 7.77226 20196889.850961 7179156.718000 11124935.898772 3.54742
110 1407039046.00 2326 274246.00 16 -0.632200099 0.182732400 -0.752948806 23631209.68755 23631221.57900 42.46 18.21 8.73675 14.38894 6.98743 -14939649.531897 4318186.636439 -17793086.862552 3.18414
110 1407039046.00 2326 274246.00 20 0.588039717 -0.470141370 -0.658161366 24118673.53121 24118677.23976 309.50 15.94 10.84190 17.85601 7.92200 14182711.892766 -11339165.375471 -15873949.960752 3.61693
110 1407039046.00 2326 274246.00 27 -0.659470530 0.588897940 -0.467223540 22864425.89209 22864437.10364 72.59 25.38 7.87431 12.96854 5.12285 -15078415.152538 13464813.398502 -10682798.075299 2.32716
110 1407039046.00 2326 274246.00 30 0.878796415 -0.100001036 -0.466601172 22743251.20592 22743264.06805 282.95 33.03 7.76003 12.78033 4.03823 19986642.334922 -2274343.517725 -10612003.612880 1.83189
111 1407039047.00 2326 274247.00 04 -0.127292051 0.983998083 -0.124677613 21494793.00493 21494816.95447 121.25 46.55 5.79047 9.53658 3.03791 -2736113.069684 21150810.164711 -2679916.317937 1.37673
111 1407039047.00 2326 274247.00 07 0.552747820 0.258258587 -0.792320863 21383774.37104 21383797.25888 315.60 59.21 5.05002 8.31710 2.56911 11819802.671451 5522528.400251 -16942764.712008 1.16385
111 1407039047.00 2326 274247.00 08 -0.402345833 0.912700866 -0.071378993 22337397.53060 22337405.29761 109.95 32.36 7.22661 11.90182 4.11236 -8987358.402174 20387361.145750 -1594420.866185 1.86568
111 1407039047.00 2326 274247.00 09 0.302196400 0.748544914 -0.590218474 20140751.98311 20140770.91141 76.43 84.20 4.45461 7.33649 2.21932 6086454.034395 15076235.888404 -11887426.882352 1.00515
111 1407039047.00 2326 274247.00 14 0.836357728 0.297316963 0.460552250 24149321.80346 24149331.87013 217.70 16.27 11.77803 19.39776 7.76927 20197436.622587 7179990.463037 11122005.058787 3.54604
111 1407039047.00 2326 274247.00 16 -0.632267703 0.182645677 -0.752913082 23631895.18294 23631907.07515 42.46 18.20 8.73729 14.38982 6.98982 -14941680.500733 4316262.461976 -17792758.764197 3.18524
111 1407039047.00 2326 274247.00 20 0.588134098 -0.470093495 -0.658111228 24118401.68865 24118405.39735 309.49 15.94 10.84112 17.85472 7.92080 14184828.367402 -11337882.913302 -15872561.779399 3.61637
111 1407039047.00 2326 274247.00 27 -0.659470295 0.588814903 -0.467328513 22864419.97258 22864431.18299 72.58 25.38 7.87393 12.96792 5.12284 -15078405.882474 13462911.313871 -10685195.458378 2.32715
111 1407039047.00 2326 274247.00 30 0.878742391 -0.099963477 -0.466710953 22742873.43360 22742886.29636 282.96 33.04 7.75896 12.77857 4.03773 19985081.675402 -2273451.562169 -10614324.079164 1.83166
112 1407039048.00 2326 274248.00 04 -0.127308484 0.984014272 -0.124532980 21495194.25913 21495218.21018 121.26 46.54 5.79081 9.53715 3.03823 -2736517.373511 21151553.050460 -2676857.447734 1.37688
112 1407039048.00 2326 274248.00 07 0.552644797 0.258306901 -0.792376977 21383630.95489 21383653.84268 315.61 59.21 5.04967 8.31652 2.56903 11817520.431728 5523524.513199 -16943851.049186 1.16381
112 1407039048.00 2326 274248.00 08 -0.402363523 0.912682158 -0.071518342 22337066.14740 22337073.91621 109.94 32.36 7.22572 11.90036 4.11191 -8987620.253796 20386640.881183 -1597509.876467 1.86547
112 1407039048.00 2326 274248.00 09 0.302174277 0.748641129 -0.590107759 20140770.48602 20140789.41417 76.51 84.19 4.45446 7.33624 2.21933 6086014.060105 15078187.613984 -11885207.959772 1.00515
112 1407039048.00 2326 274248.00 14 0.836402691 0.297359416 0.460443174 24148676.95697 24148687.02448 217.70 16.28 11.77562 19.39379 7.76629 20197983.158608 7180823.943641 11119074.061403 3.54465
112 1407039048.00 2326 274248.00 16 -0.632335305 0.182558965 -0.752877338 23632580.64446 23632592.53638 42.46 18.19 8.73782 14.39071 6.99221 -14943711.544729 4314338.436489 -17792430.196895 3.18635
112 1407039048.00 2326 274248.00 20 0.588228476 -0.470045626 -0.658061068 24118129.87863 24118133.58718 309.48 15.94 10.84033 17.85343 7.91960 14186944.762741 -11336600.652076 -15871173.183410 3.61582
112 1407039048.00 2326 274248.00 27 -0.659470060 0.588731850 -0.467433470 22864414.10540 22864425.31997 72.57 25.38 7.87355 12.96730 5.12283 -15078396.679427 13461008.925328 -10687592.524950 2.32715
112 1407039048.00 2326 274248.00 30 0.878688354 -0.099925910 -0.466820725 22742495.60838 22742508.46874 282.97 33.04 7.75789 12.77681 4.03723 19983520.796815 -2272559.414677 -10616644.248597 1.83144
113 1407039049.00 2326 274249.00 04 -0.127324910 0.984030440 -0.124388346 21495595.51447 21495619.46515 121.26 46.54 5.79115 9.53771 3.03856 -2736921.565762 21152295.580349 -2673798.442080 1.37703
113 1407039049.00 2326 274249.00 07 0.552541768 0.258355224 -0.792433071 21383487.48507 21383510.37201 315.63 59.22 5.04931 8.31594 2.56896 11815238.124574 5524520.809319 -16944936.971760 1.16378
113 1407039049.00 2326 274249.00 08 -0.402381212 0.912663429 -0.071657691 22336734.78286 22336742.55435 109.94 32.37 7.22484 11.89891 4.11145 -8987882.103538 20385920.241097 -1600598.772089 1.86526
113 1407039049.00 2326 274249.00 09 0.302152159 0.748737326 -0.589997025 20140789.00891 20140807.93696 76.59 84.19 4.45431 7.33600 2.21933 6085574.231381 15080139.086679 -11882988.704145 1.00515
113 1407039049.00 2326 274249.00 14 0.836447646 0.297401860 0.460334084 24148032.06290 24148042.14123 217.71 16.28 11.77322 19.38983 7.76331 20198529.458978 7181657.159833 11116142.906681 3.54327
113 1407039049.00 2326 274249.00 16 -0.632402905 0.182472264 -0.752841576 23633266.06145 23633277.95389 42.46 18.19 8.73836 14.39159 6.99460 -14945742.663832 4312414.560022 -17792101.160655 3.18745
113 1407039049.00 2326 274249.00 20 0.588322851 -0.469997762 -0.658010887 24117858.09450 24117861.80167 309.48 15.95 10.83955 17.85214 7.91840 14189061.078720 -11335318.591800 -15869784.172814 3.61526
113 1407039049.00 2326 274249.00 27 -0.659469824 0.588648779 -0.467538411 22864408.28694 22864419.50017 72.56 25.38 7.87318 12.96668 5.12282 -15078387.543440 13459106.232915 -10689989.274961 2.32714
113 1407039049.00 2326 274249.00 30 0.878634305 -0.099888332 -0.466930486 22742117.72798 22742130.58813 282.97 33.05 7.75682 12.77505 4.03673 19981959.699213 -2271667.075232 -10618964.121132 1.83121
114 1407039050.00 2326 274250.00 04 -0.127341330 0.984046587 -0.124243710 21495997.01757 21496020.96580 121.27 46.53 5.79150 9.53827 3.03888 -2737325.646482 21153037.754349 -2670739.301043 1.37718
114 1407039050.00 2326 274250.00 07 0.552438735 0.258403557 -0.792489146 21383344.20917 21383367.09672 315.64 59.22 5.04896 8.31535 2.56888 11812955.750051 5525517.288603 -16946022.479710 1.16374
114 1407039050.00 2326 274250.00 08 -0.402398900 0.912644679 -0.071797037 22336403.68340 22336411.45209 109.93 32.37 7.22396 11.89746 4.11100 -8988143.951452 20385199.225506 -1603687.552983 1.86506
114 1407039050.00 2326 274250.00 09 0.302130047 0.748833508 -0.589886271 20140807.80012 20140826.72912 76.67 84.19 4.45416 7.33576 2.21934 6085134.548193 15082090.306437 -11880769.115519 1.00516
114 1407039050.00 2326 274250.00 14 0.836492592 0.297444295 0.460224982 24147387.36693 24147397.44797 217.71 16.29 11.77081 19.38587 7.76033 20199075.523649 7182490.111635 11113211.594683 3.54189
114 1407039050.00 2326 274250.00 16 -0.632470504 0.182385574 -0.752805795 23633951.68301 23633963.57361 42.46 18.18 8.73890 14.39248 6.99699 -14947773.857988 4310490.832618 -17791771.655486 3.18856
114 1407039050.00 2326 274250.00 20 0.588417221 -0.469949903 -0.657960685 24117586.58571 24117590.29286 309.47 15.95 10.83877 17.85085 7.91720 14191177.315274 -11334036.732485 -15868394.747640 3.61470
114 1407039050.00 2326 274250.00 27 -0.659469588 0.588565693 -0.467643335 22864402.76114 22864413.97367 72.55 25.38 7.87280 12.96606 5.12281 -15078378.474558 13457203.236673 -10692385.708358 2.32714
114 1407039050.00 2326 274250.00 30 0.878580244 -0.099850744 -0.467040238 22741740.03824 22741752.89874 282.98 33.05 7.75575 12.77329 4.03622 19980398.382649 -2270774.543814 -10621283.696720 1.83098
115 1407039051.00 2326 274251.00 04 -0.127357744 0.984062714 -0.124099073 21496398.62781 21496422.57684 121.28 46.52 5.79184 9.53884 3.03921 -2737729.615715 21153779.572430 -2667680.024686 1.37732
115 1407039051.00 2326 274251.00 07 0.552335696 0.258451898 -0.792545201 21383200.98787 21383223.87637 315.65 59.22 5.04860 8.31477 2.56880 11810673.308218 5526513.951048 -16947107.573011 1.16371
115 1407039051.00 2326 274251.00 08 -0.402416587 0.912625908 -0.071936383 22336072.71105 22336080.48097 109.92 32.38 7.22308 11.89600 4.11055 -8988405.797589 20384477.834421 -1606776.219082 1.86485
115 1407039051.00 2326 274251.00 09 0.302107940 0.748929672 -0.589775498 20140826.72301 20140845.65143 76.75 84.19 4.45401 7.33551 2.21935 6084695.010511 15084041.273204 -11878549.193942 1.00516
115 1407039051.00 2326 274251.00 14 0.836537530 0.297486721 0.460115867 24146742.73319 24146752.81968 217.71 16.30 11.76840 19.38191 7.75736 20199621.352576 7183322.799069 11110280.125470 3.54051
115 1407039051.00 2326 274251.00 16 -0.632538100 0.182298894 -0.752769995 23634637.37307 23634649.26195 42.46 18.17 8.73943 14.39336 6.99939 -14949805.127142 4308567.254321 -17791441.681399 3.18966
115 1407039051.00 2326 274251.00 20 0.588511588 -0.469902049 -0.657910461 24117315.21204 24117318.92055 309.47 15.95 10.83798 17.84956 7.91601 14193293.472342 -11332755.074137 -15867004.907917 3.61415
115 1407039051.00 2326 274251.00 27 -0.659469350 0.588482589 -0.467748243 22864397.39425 22864408.61104 72.54 25.38 7.87242 12.96545 5.12280 -15078369.472825 13455299.936645 -10694781.825088 2.32714
115 1407039051.00 2326 274251.00 30 0.878526170 -0.099813147 -0.467149980 22741362.39609 22741375.25966 282.99 33.06 7.75468 12.77154 4.03572 19978836.847174 -2269881.820407 -10623602.975313 1.83075
116 1407039052.00 2326 274252.00 04 -0.127374151 0.984078820 -0.123954435 21496800.28067 21496824.23012 121.29 46.52 5.79218 9.53940 3.03953 -2738133.473508 21154521.034566 -2664620.613076 1.37747
116 1407039052.00 2326 274252.00 07 0.552232652 0.258500248 -0.792601237 21383057.75421 21383080.64308 315.67 59.22 5.04825 8.31419 2.56872 11808390.799135 5527510.796648 -16948192.251643 1.16367
116 1407039052.00 2326 274252.00 08 -0.402434272 0.912607115 -0.072075727 22335741.79484 22335749.56430 109.91 32.38 7.22219 11.89455 4.11009 -8988667.641997 20383756.067853 -1609864.770319 1.86464
116 1407039052.00 2326 274252.00 09 0.302085840 0.749025821 -0.589664706 20140845.70908 20140864.63871 76.84 84.19 4.45386 7.33527 2.21936 6084255.618305 15085991.986930 -11876328.939462 1.00517
116 1407039052.00 2326 274252.00 14 0.836582460 0.297529137 0.460006739 24146098.09469 24146108.18576 217.71 16.30 11.76600 19.37795 7.75438 20200166.945711 7184155.222156 11107348.499106 3.53913
116 1407039052.00 2326 274252.00 16 -0.632605695 0.182212226 -0.752734175 23635323.06256 23635334.94981 42.46 18.17 8.73997 14.39425 7.00178 -14951836.471240 4306643.825175 -17791111.238402 3.19077
116 1407039052.00 2326 274252.00 20 0.588605951 -0.469854201 -0.657860217 24117043.90383 24117047.61174 309.46 15.95 10.83720 17.84827 7.91481 14195409.549858 -11331473.616767 -15865614.653674 3.61359
116 1407039052.00 2326 274252.00 27 -0.659469112 0.588399469 -0.467853134 22864392.11641 22864403.32826 72.54 25.38 7.87205 12.96483 5.12280 -15078360.538285 13453396.332871 -10697177.625098 2.32713
116 1407039052.00 2326 274252.00 30 0.878472084 -0.099775540 -0.467259712 22740984.73928 22740997.60665 283.00 33.06 7.75362 12.76978 4.03522 19977275.092841 -2268988.904991 -10625921.956861 1.83052
117 1407039053.00 2326 274253.00 04 -0.127390552 0.984094905 -0.123809796 21497202.05380 21497226.00380 121.30 46.51 5.79253 9.53997 3.03986 -2738537.219905 21155262.140726 -2661561.066279 1.37762
117 1407039053.00 2326 274253.00 07 0.552129603 0.258548606 -0.792657253 21382914.58754 21382937.47549 315.68 59.23 5.04790 8.31361 2.56865 11806108.222863 5528507.825397 -16949276.515582 1.16364
117 1407039053.00 2326 274253.00 08 -0.402451956 0.912588301 -0.072215070 22335411.01640 22335418.78562 109.90 32.38 7.22131 11.89310 4.10964 -8988929.484729 20383033.925813 -1612953.206624 1.86444
117 1407039053.00 2326 274253.00 09 0.302063745 0.749121952 -0.589553895 20140864.83558 20140883.76518 76.92 84.18 4.45371 7.33502 2.21937 6083816.371545 15087942.447560 -11874108.352126 1.00517
117 1407039053.00 2326 274253.00 14 0.836627381 0.297571545 0.459897598 24145453.52889 24145463.62365 217.72 16.31 11.76360 19.37399 7.75141 20200712.303008 7184987.380918 11104416.715651 3.53775
117 1407039053.00 2326 274253.00 16 -0.632673289 0.182125569 -0.752698337 23636008.82645 23636020.71361 42.46 18.16 8.74051 14.39513 7.00418 -14953867.890228 4304720.545223 -17790780.326504 3.19188
117 1407039053.00 2326 274253.00 20 0.588700310 -0.469806357 -0.657809951 24116772.74366 24116776.45068 309.45 15.96 10.83642 17.84698 7.91361 14197525.547759 -11330192.360382 -15864223.984938 3.61304
117 1407039053.00 2326 274253.00 27 -0.659468873 0.588316332 -0.467958009 22864387.00279 22864398.21618 72.53 25.38 7.87167 12.96421 5.12279 -15078351.670983 13451492.425393 -10699573.108335 2.32713
117 1407039053.00 2326 274253.00 30 0.878417986 -0.099737923 -0.467369434 22740607.14907 22740620.01494 283.00 33.07 7.75255 12.76802 4.03472 19975713.119702 -2268095.797550 -10628240.641318 1.83029
118 1407039054.00 2326 274254.00 04 -0.127406947 0.984110969 -0.123665155 21497603.90191 21497627.85245 121.30 46.51 5.79287 9.54053 3.04019 -2738940.854952 21156002.890883 -2658501.384359 1.37777
118 1407039054.00 2326 274254.00 07 0.552026548 0.258596974 -0.792713249 21382771.44065 21382794.32840 315.69 59.23 5.04754 8.31302 2.56857 11803825.579462 5529505.037291 -16950360.364806 1.16360
118 1407039054.00 2326 274254.00 08 -0.402469639 0.912569465 -0.072354412 22335080.33045 22335088.10364 109.89 32.39 7.22043 11.89165 4.10919 -8989191.325833 20382311.408313 -1616041.527932 1.86423
118 1407039054.00 2326 274254.00 09 0.302041656 0.749218068 -0.589443064 20140884.05952 20140902.99008 77.00 84.18 4.45357 7.33478 2.21937 6083377.270202 15089892.655043 -11871887.431982 1.00517
118 1407039054.00 2326 274254.00 14 0.836672293 0.297613944 0.459788444 24144808.99124 24144819.08791 217.72 16.32 11.76119 19.37003 7.74844 20201257.424421 7185819.275376 11101484.775168 3.53637
118 1407039054.00 2326 274254.00 16 -0.632740880 0.182038923 -0.752662480 23636694.62651 23636706.51112 42.46 18.15 8.74105 14.39602 7.00658 -14955899.384052 4302797.414509 -17790448.945716 3.19298
118 1407039054.00 2326 274254.00 20 0.588794666 -0.469758519 -0.657759664 24116501.68606 24116505.39512 309.45 15.96 10.83564 17.84569 7.91242 14199641.465982 -11328911.304991 -15862832.901741 3.61248
118 1407039054.00 2326 274254.00 27 -0.659468634 0.588233179 -0.468062867 22864382.01496 22864393.22670 72.52 25.38 7.87130 12.96359 5.12278 -15078342.870964 13449588.214253 -10701968.274747 2.32712
118 1407039054.00 2326 274254.00 30 0.878363876 -0.099700297 -0.467479147 22740229.57123 22740242.43911 283.01 33.07 7.75148 12.76626 4.03422 19974150.927810 -2267202.498064 -10630559.028634 1.83006
119 1407039055.00 2326 274255.00 04 -0.127423336 0.984127012 -0.123520513 21498005.77761 21498029.72528 121.31 46.50 5.79321 9.54110 3.04051 -2739344.378695 21156743.285008 -2655441.567382 1.37792
119 1407039055.00 2326 274255.00 07 0.551923489 0.258645351 -0.792769226 21382628.26598 21382651.15519 315.70 59.23 5.04719 8.31244 2.56849 11801542.868991 5530502.432323 -16951443.799293 1.16357
119 1407039055.00 2326 274255.00 08 -0.402487321 0.912550608 -0.072493752 22334749.68940 22334757.46098 109.89 32.39 7.21955 11.89020 4.10873 -8989453.165361 20381588.515364 -1619129.734173 1.86403
119 1407039055.00 2326 274255.00 09 0.302019572 0.749314166 -0.589332214 20140903.33274 20140922.26210 77.08 84.18 4.45342 7.33453 2.21938 6082938.314245 15091842.609326 -11869666.179078 1.00518
119 1407039055.00 2326 274255.00 14 0.836717198 0.297656334 0.459679278 24144164.42677 24144174.53434 217.72 16.32 11.75879 19.36608 7.74548 20201802.309903 7186650.905552 11098552.677718 3.53500
119 1407039055.00 2326 274255.00 16 -0.632808470 0.181952289 -0.752626604 23637380.40905 23637392.29324 42.46 18.15 8.74158 14.39690 7.00898 -14957930.952657 4300874.433077 -17790117.096046 3.19409
119 1407039055.00 2326 274255.00 20 0.588889018 -0.469710686 -0.657709356 24116230.67699 24116234.38571 309.44 15.96 10.83485 17.84440 7.91122 14201757.304464 -11327630.450603 -15861441.404109 3.61193
119 1407039055.00 2326 274255.00 27 -0.659468394 0.588150010 -0.468167709 22864377.09792 22864388.31317 72.51 25.38 7.87092 12.96297 5.12277 -15078334.138271 13447683.699493 -10704363.124279 2.32712
119 1407039055.00 2326 274255.00 30 0.878309753 -0.099662660 -0.467588849 22739851.96599 22739864.83177 283.02 33.08 7.75042 12.76450 4.03371 19972588.517215 -2266309.006516 -10632877.118761 1.82983
120 1407039056.00 2326 274256.00 04 -0.127439718 0.984143035 -0.123375869 21498407.79089 21498431.74097 121.32 46.49 5.79356 9.54166 3.04084 -2739747.791179 21157483.323072 -2652381.615415 1.37806
120 1407039056.00 2326 274256.00 07 0.551820424 0.258693737 -0.792825183 21382485.17770 21382508.06745 315.72 59.24 5.04684 8.31186 2.56842 11799260.091512 5531500.010490 -16952526.819020 1.16353
120 1407039056.00 2326 274256.00 08 -0.402505001 0.912531730 -0.072633091 22334419.20649 22334426.97998 109.88 32.40 7.21867 11.88875 4.10828 -8989715.003362 20380865.246978 -1622217.825280 1.86382
120 1407039056.00 2326 274256.00 09 0.301997495 0.749410248 -0.589221345 20140922.76752 20140941.69677 77.16 84.18 4.45327 7.33429 2.21939 6082499.503646 15093792.310357 -11867444.593462 1.00518
120 1407039056.00 2326 274256.00 14 0.836762093 0.297698714 0.459570098 24143519.96163 24143530.06112 217.73 16.33 11.75639 19.36212 7.74251 20202346.959408 7187482.271468 11095620.423363 3.53362
120 1407039056.00 2326 274256.00 16 -0.632876058 0.181865665 -0.752590709 23638066.29150 23638078.17475 42.46 18.14 8.74212 14.39778 7.01138 -14959962.595990 4298951.600970 -17789784.777504 3.19520
120 1407039056.00 2326 274256.00 20 0.588983365 -0.469662858 -0.657659026 24115959.83728 24115963.54456 309.43 15.96 10.83407 17.84312 7.91003 14203873.063139 -11326349.797226 -15860049.492073 3.61137
120 1407039056.00 2326 274256.00 27 -0.659468153 0.588066823 -0.468272535 22864372.37136 22864383.58377 72.50 25.38 7.87055 12.96236 5.12276 -15078325.472948 13445778.881153 -10706757.656879 2.32712
120 1407039056.00 2326 274256.00 30 0.878255618 -0.099625014 -0.467698542 22739474.44238 22739487.30771 283.02 33.08 7.74935 12.76275 4.03321 19971025.887971 -2265415.322887 -10635194.911652 1.82961
